Image Address,Target Index,Target Right Ascension,Target Declination,Survey,Band,Number of Central Blobs,Main Blob Center,Main Blob Radius,Main Blob Displacement,Percent Outside Diffraction,Threshold Value,Percent of Image White,Validation,Error
FITS/TAM/index-0/WISE+(AllWISE)--w3,0,92.3341718,-18.1264346,WISE,w3,1,"(22, 22)",9,1.4142135623730951,0.26932668329177056,0.361328125,0.23851851851851852,,NULL
FITS/TAM/index-0/WISE+(AllWISE)--w2,0,92.3341718,-18.1264346,WISE,w2,1,"(22, 21)",8,2.23606797749979,0.0,0.326171875,0.16444444444444445,,NULL
FITS/TAM/index-0/DSS--DSS1+Blue,0,92.3341718,-18.1264346,DSS,DSS1+Blue,1,"(29, 31)",19,1.4142135623730951,0.684312459651388,0.630859375,0.5601694915254237,,NULL
FITS/TAM/index-0/DSS--DSS1+Red,0,92.3341718,-18.1264346,DSS,DSS1+Red,1,"(17, 17)",11,1.4142135623730951,0.7338345864661654,0.603515625,0.7216326530612245,,NULL
FITS/TAM/index-0/DSS--DSS2+Blue,0,92.3341718,-18.1264346,DSS,DSS2+Blue,2,"(14, 18)",11,4.0,0.7242990654205608,0.611328125,0.8734693877551021,,NULL
FITS/TAM/index-0/2MASS--K,0,92.3341718,-18.1264346,2MASS,K,1,"(30, 30)",4,1.4142135623730951,0.0,0.314453125,0.02069336199946251,,NULL
FITS/TAM/index-0/WISE+(AllWISE)--w4,0,92.3341718,-18.1264346,WISE,w4,0,NULL,NULL,NULL,NULL,0.556640625,0.43555555555555553,0,Image lacks central blob
FITS/TAM/index-0/DSS--DSS2+Red,0,92.3341718,-18.1264346,DSS,DSS2+Red,1,"(29, 29)",16,1.4142135623730951,0.48308668076109934,0.517578125,0.352484918126975,,NULL
FITS/TAM/index-0/DSS--DSS2+IR,0,92.3341718,-18.1264346,DSS,DSS2+IR,1,"(29, 30)",14,1.0,0.25232198142414863,0.427734375,0.21694915254237288,,NULL
FITS/TAM/index-0/WISE+(AllWISE)--w1,0,92.3341718,-18.1264346,WISE,w1,1,"(22, 21)",8,2.23606797749979,0.04590163934426229,0.345703125,0.22271604938271605,,NULL
FITS/TAM/index-0/2MASS--J,0,92.3341718,-18.1264346,2MASS,J,1,"(30, 30)",7,1.4142135623730951,0.0,0.349609375,0.0249932813759742,,NULL
FITS/TAM/index-0/2MASS--H,0,92.3341718,-18.1264346,2MASS,H,1,"(30, 30)",4,1.4142135623730951,0.0,0.291015625,0.02445579145391024,,NULL
FITS/TAM/index-1/WISE+(AllWISE)--w3,1,110.0955223,-56.2944446,WISE,w3,1,"(22, 22)",11,1.4142135623730951,0.2871046228710462,0.384765625,0.20757575757575758,,NULL
FITS/TAM/index-1/WISE+(AllWISE)--w2,1,110.0955223,-56.2944446,WISE,w2,1,"(22, 22)",8,1.4142135623730951,0.0,0.357421875,0.13333333333333333,,NULL
FITS/TAM/index-1/DSS--DSS2+Blue,1,110.0955223,-56.2944446,DSS,DSS2+Blue,2,"(16, 17)",14,2.23606797749979,0.756198347107438,0.583984375,0.8620408163265306,,NULL
FITS/TAM/index-1/2MASS--K,1,110.0955223,-56.2944446,2MASS,K,1,"(29, 28)",4,3.605551275463989,0.0,0.349609375,0.015318462778822897,,NULL
FITS/TAM/index-1/WISE+(AllWISE)--w4,1,110.0955223,-56.2944446,WISE,w4,0,NULL,NULL,NULL,NULL,0.494140625,0.49696969696969695,0,Image lacks central blob
FITS/TAM/index-1/DSS--DSS2+Red,1,110.0955223,-56.2944446,DSS,DSS2+Red,1,"(29, 28)",15,2.23606797749979,0.42672919109026963,0.474609375,0.29991381786842863,,NULL
FITS/TAM/index-1/DSS--DSS2+IR,1,110.0955223,-56.2944446,DSS,DSS2+IR,1,"(29, 29)",14,1.4142135623730951,0.20418848167539266,0.427734375,0.16836158192090395,,NULL
FITS/TAM/index-1/WISE+(AllWISE)--w1,1,110.0955223,-56.2944446,WISE,w1,1,"(22, 22)",8,1.4142135623730951,0.05102040816326531,0.357421875,0.1484848484848485,,NULL
FITS/TAM/index-1/2MASS--J,1,110.0955223,-56.2944446,2MASS,J,1,"(30, 29)",4,2.23606797749979,0.0,0.357421875,0.019887127116366567,,NULL
FITS/TAM/index-1/2MASS--H,1,110.0955223,-56.2944446,2MASS,H,1,"(29, 29)",4,2.8284271247461903,0.0,0.310546875,0.017737167428110722,,NULL
FITS/TAM/index-2/WISE+(AllWISE)--w3,2,317.5417341,-43.3827829,WISE,w3,1,"(21, 21)",11,1.4142135623730951,0.24289405684754523,0.404296875,0.19989669421487602,,NULL
FITS/TAM/index-2/WISE+(AllWISE)--w2,2,317.5417341,-43.3827829,WISE,w2,1,"(22, 22)",8,0.0,0.0,0.349609375,0.12706611570247933,,NULL
FITS/TAM/index-2/DSS--DSS2+Blue,2,317.5417341,-43.3827829,DSS,DSS2+Blue,2,"(14, 19)",11,4.123105625617661,0.7084019769357496,0.572265625,0.8530612244897959,,NULL
FITS/TAM/index-2/2MASS--K,2,317.5417341,-43.3827829,2MASS,K,1,"(29, 30)",4,2.23606797749979,0.0,0.322265625,0.014243482934694974,,NULL
FITS/TAM/index-2/WISE+(AllWISE)--w4,2,317.5417341,-43.3827829,WISE,w4,0,NULL,NULL,NULL,NULL,0.537109375,0.46384297520661155,0,Image lacks central blob
FITS/TAM/index-2/DSS--DSS2+Red,2,317.5417341,-43.3827829,DSS,DSS2+Red,1,"(30, 29)",16,1.0,0.45484949832775917,0.521484375,0.30939385234128125,,NULL
FITS/TAM/index-2/DSS--DSS2+IR,2,317.5417341,-43.3827829,DSS,DSS2+IR,1,"(30, 30)",11,0.0,0.07905138339920949,0.423828125,0.15734463276836158,,NULL
FITS/TAM/index-2/WISE+(AllWISE)--w1,2,317.5417341,-43.3827829,WISE,w1,1,"(21, 21)",8,1.4142135623730951,0.03272727272727273,0.349609375,0.14204545454545456,,NULL
FITS/TAM/index-2/2MASS--J,2,317.5417341,-43.3827829,2MASS,J,1,"(29, 29)",7,2.8284271247461903,0.0,0.365234375,0.020155872077398548,,NULL
FITS/TAM/index-2/2MASS--H,2,317.5417341,-43.3827829,2MASS,H,1,"(29, 30)",4,2.23606797749979,0.0,0.314453125,0.01585595270088686,,NULL
FITS/TAM/index-3/WISE+(AllWISE)--w3,3,309.2961832,-65.0333208,WISE,w3,1,"(21, 22)",9,2.23606797749979,0.21236559139784947,0.416015625,0.19141414141414143,,NULL
FITS/TAM/index-3/WISE+(AllWISE)--w2,3,309.2961832,-65.0333208,WISE,w2,1,"(22, 22)",8,1.4142135623730951,0.0,0.349609375,0.11717171717171718,,NULL
FITS/TAM/index-3/DSS--DSS2+Blue,3,309.2961832,-65.0333208,DSS,DSS2+Blue,1,"(16, 16)",14,2.8284271247461903,0.7285276073619632,0.544921875,0.8971428571428571,,NULL
FITS/TAM/index-3/2MASS--K,3,309.2961832,-65.0333208,2MASS,K,1,"(29, 29)",4,2.8284271247461903,0.0,0.322265625,0.014243482934694974,,NULL
FITS/TAM/index-3/WISE+(AllWISE)--w4,3,309.2961832,-65.0333208,WISE,w4,0,NULL,NULL,NULL,NULL,0.603515625,0.46616161616161617,0,Image lacks central blob
FITS/TAM/index-3/DSS--DSS2+Red,3,309.2961832,-65.0333208,DSS,DSS2+Red,1,"(30, 29)",15,1.0,0.33918918918918917,0.466796875,0.25940821602987646,,NULL
FITS/TAM/index-3/DSS--DSS2+IR,3,309.2961832,-65.0333208,DSS,DSS2+IR,1,"(30, 31)",14,1.0,0.17757009345794392,0.443359375,0.15508474576271186,,NULL
FITS/TAM/index-3/WISE+(AllWISE)--w1,3,309.2961832,-65.0333208,WISE,w1,1,"(21, 22)",8,2.23606797749979,0.003787878787878788,0.349609375,0.13333333333333333,,NULL
FITS/TAM/index-3/2MASS--J,3,309.2961832,-65.0333208,2MASS,J,1,"(29, 29)",4,2.8284271247461903,0.0,0.357421875,0.017737167428110722,,NULL
FITS/TAM/index-3/2MASS--H,3,309.2961832,-65.0333208,2MASS,H,1,"(29, 29)",4,2.8284271247461903,0.0,0.318359375,0.014780972856758936,,NULL
FITS/TAM/index-4/WISE+(AllWISE)--w3,4,47.2258365,-18.9692032,WISE,w3,1,"(22, 22)",11,1.4142135623730951,0.2973621103117506,0.369140625,0.20592592592592593,,NULL
FITS/TAM/index-4/WISE+(AllWISE)--w2,4,47.2258365,-18.9692032,WISE,w2,1,"(22, 22)",8,1.4142135623730951,0.0,0.353515625,0.12246913580246914,,NULL
FITS/TAM/index-4/DSS--DSS1+Blue,4,47.2258365,-18.9692032,DSS,DSS1+Blue,1,"(30, 30)",19,0.0,0.6512125534950072,0.587890625,0.4985875706214689,,NULL
FITS/TAM/index-4/DSS--DSS1+Red,4,47.2258365,-18.9692032,DSS,DSS1+Red,1,"(17, 17)",11,1.4142135623730951,0.7297709923664122,0.591796875,0.6138775510204082,,NULL
FITS/TAM/index-4/DSS--DSS2+Blue,4,47.2258365,-18.9692032,DSS,DSS2+Blue,1,"(18, 19)",11,1.0,0.6927083333333334,0.525390625,0.8979591836734694,,NULL
FITS/TAM/index-4/2MASS--K,4,47.2258365,-18.9692032,2MASS,K,1,"(29, 29)",4,2.8284271247461903,0.0,0.330078125,0.015318462778822897,,NULL
FITS/TAM/index-4/WISE+(AllWISE)--w4,4,47.2258365,-18.9692032,WISE,w4,0,NULL,NULL,NULL,NULL,0.548828125,0.44493827160493826,0,Image lacks central blob
FITS/TAM/index-4/DSS--DSS2+Red,4,47.2258365,-18.9692032,DSS,DSS2+Red,1,"(29, 30)",15,1.0,0.4036585365853659,0.451171875,0.25677966101694916,,NULL
FITS/TAM/index-4/DSS--DSS2+IR,4,47.2258365,-18.9692032,DSS,DSS2+IR,1,"(30, 30)",14,0.0,0.2476780185758514,0.435546875,0.18559322033898304,,NULL
FITS/TAM/index-4/WISE+(AllWISE)--w1,4,47.2258365,-18.9692032,WISE,w1,1,"(22, 22)",9,1.4142135623730951,0.05787781350482315,0.365234375,0.15358024691358024,,NULL
FITS/TAM/index-4/2MASS--J,4,47.2258365,-18.9692032,2MASS,J,1,"(30, 29)",4,2.23606797749979,0.0,0.337890625,0.019887127116366567,,NULL
FITS/TAM/index-4/2MASS--H,4,47.2258365,-18.9692032,2MASS,H,1,"(29, 29)",4,2.8284271247461903,0.0,0.322265625,0.01639344262295082,,NULL
FITS/TAM/index-5/WISE+(AllWISE)--w3,5,67.6230638,-43.4105611,WISE,w3,1,"(22, 22)",9,0.0,0.23697916666666666,0.408203125,0.19834710743801653,,NULL
FITS/TAM/index-5/WISE+(AllWISE)--w2,5,67.6230638,-43.4105611,WISE,w2,1,"(22, 22)",8,0.0,0.0,0.353515625,0.11415289256198347,,NULL
FITS/TAM/index-5/DSS--DSS2+Blue,5,67.6230638,-43.4105611,DSS,DSS2+Blue,1,"(18, 18)",11,0.0,0.6816546762589928,0.490234375,0.8620408163265306,,NULL
FITS/TAM/index-5/2MASS--K,5,67.6230638,-43.4105611,2MASS,K,1,"(29, 29)",4,2.8284271247461903,0.0,0.314453125,0.011287288363343187,,NULL
FITS/TAM/index-5/WISE+(AllWISE)--w4,5,67.6230638,-43.4105611,WISE,w4,0,NULL,NULL,NULL,NULL,0.537109375,0.44989669421487605,0,Image lacks central blob
FITS/TAM/index-5/DSS--DSS2+Red,5,67.6230638,-43.4105611,DSS,DSS2+Red,1,"(29, 30)",15,1.0,0.4065533980582524,0.451171875,0.2570621468926554,,NULL
FITS/TAM/index-5/DSS--DSS2+IR,5,67.6230638,-43.4105611,DSS,DSS2+IR,1,"(29, 30)",11,1.0,0.06422018348623854,0.427734375,0.13333333333333333,,NULL
FITS/TAM/index-5/WISE+(AllWISE)--w1,5,67.6230638,-43.4105611,WISE,w1,1,"(22, 22)",8,0.0,0.00398406374501992,0.353515625,0.1337809917355372,,NULL
FITS/TAM/index-5/2MASS--J,5,67.6230638,-43.4105611,2MASS,J,1,"(29, 29)",4,2.8284271247461903,0.0,0.345703125,0.01585595270088686,,NULL
FITS/TAM/index-5/2MASS--H,5,67.6230638,-43.4105611,2MASS,H,1,"(29, 29)",4,2.8284271247461903,0.0,0.330078125,0.011287288363343187,,NULL
FITS/TAM/index-6/WISE+(AllWISE)--w3,6,54.2878604,-29.8301653,WISE,w3,1,"(22, 21)",11,1.0,0.2638190954773869,0.392578125,0.201010101010101,,NULL
FITS/TAM/index-6/WISE+(AllWISE)--w2,6,54.2878604,-29.8301653,WISE,w2,1,"(22, 22)",8,0.0,0.0,0.341796875,0.11767676767676767,,NULL
FITS/TAM/index-6/DSS--DSS1+Blue,6,54.2878604,-29.8301653,DSS,DSS1+Blue,1,"(29, 31)",16,1.4142135623730951,0.5075528700906344,0.529296875,0.3163841807909605,,NULL
FITS/TAM/index-6/DSS--DSS1+Red,6,54.2878604,-29.8301653,DSS,DSS1+Red,1,"(28, 31)",15,2.23606797749979,0.3822784810126582,0.505859375,0.2347457627118644,,NULL
FITS/TAM/index-6/DSS--DSS2+Blue,6,54.2878604,-29.8301653,DSS,DSS2+Blue,1,"(16, 17)",11,2.23606797749979,0.6833631484794276,0.677734375,0.6195918367346939,,NULL
FITS/TAM/index-6/2MASS--K,6,54.2878604,-29.8301653,2MASS,K,1,"(29, 30)",4,2.23606797749979,0.0,0.318359375,0.013168503090567052,,NULL
FITS/TAM/index-6/WISE+(AllWISE)--w4,6,54.2878604,-29.8301653,WISE,w4,0,NULL,NULL,NULL,NULL,0.572265625,0.42525252525252527,0,Image lacks central blob
FITS/TAM/index-6/DSS--DSS2+Red,6,54.2878604,-29.8301653,DSS,DSS2+Red,1,"(29, 30)",15,1.0,0.36658031088082904,0.447265625,0.24067796610169492,,NULL
FITS/TAM/index-6/DSS--DSS2+IR,6,54.2878604,-29.8301653,DSS,DSS2+IR,1,"(28, 30)",14,2.0,0.1958955223880597,0.427734375,0.15593220338983052,,NULL
FITS/TAM/index-6/WISE+(AllWISE)--w1,6,54.2878604,-29.8301653,WISE,w1,1,"(22, 22)",8,0.0,0.0,0.349609375,0.11818181818181818,,NULL
FITS/TAM/index-6/2MASS--J,6,54.2878604,-29.8301653,2MASS,J,1,"(29, 30)",4,2.23606797749979,0.0,0.318359375,0.01612469766191884,,NULL
FITS/TAM/index-6/2MASS--H,6,54.2878604,-29.8301653,2MASS,H,1,"(29, 30)",4,2.23606797749979,0.0,0.310546875,0.013974737973662993,,NULL
FITS/TAM/index-7/WISE+(AllWISE)--w3,7,67.6112099,-43.2126687,WISE,w3,1,"(22, 22)",11,1.4142135623730951,0.2747524752475248,0.388671875,0.19950617283950617,,NULL
FITS/TAM/index-7/WISE+(AllWISE)--w2,7,67.6112099,-43.2126687,WISE,w2,1,"(22, 22)",8,1.4142135623730951,0.0,0.341796875,0.11209876543209876,,NULL
FITS/TAM/index-7/DSS--DSS2+Blue,7,67.6112099,-43.2126687,DSS,DSS2+Blue,1,"(18, 18)",11,0.0,0.6387755102040816,0.486328125,0.8375510204081633,,NULL
FITS/TAM/index-7/2MASS--K,7,67.6112099,-43.2126687,2MASS,K,1,"(30, 29)",4,2.23606797749979,0.0,0.341796875,0.010749798441279226,,NULL
FITS/TAM/index-7/WISE+(AllWISE)--w4,7,67.6112099,-43.2126687,WISE,w4,0,NULL,NULL,NULL,NULL,0.587890625,0.4192592592592593,0,Image lacks central blob
FITS/TAM/index-7/DSS--DSS2+Red,7,67.6112099,-43.2126687,DSS,DSS2+Red,1,"(29, 30)",15,1.0,0.3864491844416562,0.462890625,0.2387005649717514,,NULL
FITS/TAM/index-7/DSS--DSS2+IR,7,67.6112099,-43.2126687,DSS,DSS2+IR,1,"(28, 29)",11,2.23606797749979,0.08450704225352113,0.416015625,0.1271186440677966,,NULL
FITS/TAM/index-7/WISE+(AllWISE)--w1,7,67.6112099,-43.2126687,WISE,w1,1,"(22, 22)",8,1.4142135623730951,0.0,0.341796875,0.11753086419753087,,NULL
FITS/TAM/index-7/2MASS--J,7,67.6112099,-43.2126687,2MASS,J,1,"(30, 29)",4,2.23606797749979,0.0,0.326171875,0.01585595270088686,,NULL
FITS/TAM/index-7/2MASS--H,7,67.6112099,-43.2126687,2MASS,H,1,"(30, 29)",4,2.23606797749979,0.0,0.314453125,0.01263101316850309,,NULL
FITS/TAM/index-8/WISE+(AllWISE)--w3,8,5.3894788,-66.3046344,WISE,w3,1,"(21, 22)",9,1.0,0.20596205962059622,0.419921875,0.1962809917355372,,NULL
FITS/TAM/index-8/WISE+(AllWISE)--w2,8,5.3894788,-66.3046344,WISE,w2,1,"(21, 22)",8,1.0,0.0,0.349609375,0.11673553719008264,,NULL
FITS/TAM/index-8/DSS--DSS2+Blue,8,5.3894788,-66.3046344,DSS,DSS2+Blue,1,"(16, 17)",11,2.23606797749979,0.6118421052631579,0.486328125,0.769795918367347,,NULL
FITS/TAM/index-8/2MASS--K,8,5.3894788,-66.3046344,2MASS,K,1,"(29, 29)",4,2.8284271247461903,0.0,0.330078125,0.011018543402311207,,NULL
FITS/TAM/index-8/WISE+(AllWISE)--w4,8,5.3894788,-66.3046344,WISE,w4,0,NULL,NULL,NULL,NULL,0.626953125,0.4194214876033058,0,Image lacks central blob
FITS/TAM/index-8/DSS--DSS2+Red,8,5.3894788,-66.3046344,DSS,DSS2+Red,1,"(30, 31)",15,1.0,0.35657894736842105,0.337890625,0.23135593220338982,,NULL
FITS/TAM/index-8/DSS--DSS2+IR,8,5.3894788,-66.3046344,DSS,DSS2+IR,1,"(29, 31)",11,1.4142135623730951,0.06415929203539823,0.431640625,0.13983050847457626,,NULL
FITS/TAM/index-8/WISE+(AllWISE)--w1,8,5.3894788,-66.3046344,WISE,w1,1,"(21, 22)",8,1.0,0.0,0.341796875,0.12190082644628099,,NULL
FITS/TAM/index-8/2MASS--J,8,5.3894788,-66.3046344,2MASS,J,1,"(29, 29)",4,2.8284271247461903,0.0,0.322265625,0.015587207739854878,,NULL
FITS/TAM/index-8/2MASS--H,8,5.3894788,-66.3046344,2MASS,H,1,"(29, 29)",4,2.8284271247461903,0.0,0.291015625,0.01209352324643913,,NULL
FITS/TAM/index-9/WISE+(AllWISE)--w3,9,312.2113474,-59.2345127,WISE,w3,1,"(22, 22)",11,1.4142135623730951,0.30238095238095236,0.396484375,0.2074074074074074,,NULL
FITS/TAM/index-9/WISE+(AllWISE)--w2,9,312.2113474,-59.2345127,WISE,w2,1,"(22, 22)",8,1.4142135623730951,0.0,0.330078125,0.11555555555555555,,NULL
FITS/TAM/index-9/DSS--DSS2+Blue,9,312.2113474,-59.2345127,DSS,DSS2+Blue,1,"(18, 17)",11,1.0,0.6932409012131716,0.498046875,0.8579591836734693,,NULL
FITS/TAM/index-9/2MASS--K,9,312.2113474,-59.2345127,2MASS,K,1,"(30, 29)",4,2.23606797749979,0.0,0.341796875,0.011824778285407149,,NULL
FITS/TAM/index-9/WISE+(AllWISE)--w4,9,312.2113474,-59.2345127,WISE,w4,0,NULL,NULL,NULL,NULL,0.560546875,0.4419753086419753,0,Image lacks central blob
FITS/TAM/index-9/DSS--DSS2+Red,9,312.2113474,-59.2345127,DSS,DSS2+Red,1,"(29, 30)",14,1.0,0.19798657718120805,0.427734375,0.1711864406779661,,NULL
FITS/TAM/index-9/DSS--DSS2+IR,9,312.2113474,-59.2345127,DSS,DSS2+IR,1,"(30, 30)",11,0.0,0.062034739454094295,0.412109375,0.11892655367231639,,NULL
FITS/TAM/index-9/WISE+(AllWISE)--w1,9,312.2113474,-59.2345127,WISE,w1,1,"(22, 22)",8,1.4142135623730951,0.0,0.353515625,0.12395061728395061,,NULL
FITS/TAM/index-9/2MASS--J,9,312.2113474,-59.2345127,2MASS,J,1,"(30, 30)",4,1.4142135623730951,0.0,0.337890625,0.01585595270088686,,NULL
FITS/TAM/index-9/2MASS--H,9,312.2113474,-59.2345127,2MASS,H,1,"(30, 29)",4,2.23606797749979,0.0,0.337890625,0.01236226820747111,,NULL
FITS/TAM/index-10/WISE+(AllWISE)--w3,10,293.7723759,-31.6091995,WISE,w3,1,"(21, 22)",11,2.23606797749979,0.24484536082474226,0.412109375,0.19160493827160494,,NULL
FITS/TAM/index-10/WISE+(AllWISE)--w2,10,293.7723759,-31.6091995,WISE,w2,1,"(22, 22)",8,1.4142135623730951,0.0,0.345703125,0.11259259259259259,,NULL
FITS/TAM/index-10/DSS--DSS1+Blue,10,293.7723759,-31.6091995,DSS,DSS1+Blue,1,"(29, 32)",14,2.23606797749979,0.2677165354330709,0.498046875,0.18954802259887005,,NULL
FITS/TAM/index-10/DSS--DSS1+Red,10,293.7723759,-31.6091995,DSS,DSS1+Red,1,"(29, 33)",15,3.1622776601683795,0.3262411347517731,0.494140625,0.22853107344632767,,NULL
FITS/TAM/index-10/DSS--DSS2+Blue,10,293.7723759,-31.6091995,DSS,DSS2+Blue,1,"(17, 17)",11,1.4142135623730951,0.5912240184757506,0.419921875,0.8040816326530612,,NULL
FITS/TAM/index-10/2MASS--K,10,293.7723759,-31.6091995,2MASS,K,1,"(29, 30)",4,2.23606797749979,0.0,0.314453125,0.013168503090567052,,NULL
FITS/TAM/index-10/WISE+(AllWISE)--w4,10,293.7723759,-31.6091995,WISE,w4,0,NULL,NULL,NULL,NULL,0.607421875,0.5619753086419753,0,Image lacks central blob
FITS/TAM/index-10/DSS--DSS2+Red,10,293.7723759,-31.6091995,DSS,DSS2+Red,1,"(29, 31)",11,1.4142135623730951,0.06971677559912855,0.435546875,0.14293785310734464,,NULL
FITS/TAM/index-10/DSS--DSS2+IR,10,293.7723759,-31.6091995,DSS,DSS2+IR,1,"(28, 30)",11,2.0,0.06537530266343826,0.416015625,0.12570621468926554,,NULL
FITS/TAM/index-10/WISE+(AllWISE)--w1,10,293.7723759,-31.6091995,WISE,w1,1,"(22, 22)",8,1.4142135623730951,0.011450381679389313,0.349609375,0.12938271604938273,,NULL
FITS/TAM/index-10/2MASS--J,10,293.7723759,-31.6091995,2MASS,J,1,"(29, 30)",4,2.23606797749979,0.0,0.333984375,0.01719967750604676,,NULL
FITS/TAM/index-10/2MASS--H,10,293.7723759,-31.6091995,2MASS,H,1,"(29, 30)",4,2.23606797749979,0.0,0.322265625,0.013437248051599033,,NULL
FITS/TAM/index-11/WISE+(AllWISE)--w3,11,109.8874641,-57.4488474,WISE,w3,1,"(22, 22)",11,1.4142135623730951,0.2563451776649746,0.388671875,0.198989898989899,,NULL
FITS/TAM/index-11/WISE+(AllWISE)--w2,11,109.8874641,-57.4488474,WISE,w2,1,"(21, 22)",8,2.23606797749979,0.0,0.345703125,0.11717171717171718,,NULL
FITS/TAM/index-11/DSS--DSS2+Blue,11,109.8874641,-57.4488474,DSS,DSS2+Blue,1,"(17, 16)",11,2.23606797749979,0.6075388026607539,0.595703125,0.5118367346938776,,NULL
FITS/TAM/index-11/2MASS--K,11,109.8874641,-57.4488474,2MASS,K,1,"(29, 29)",4,2.8284271247461903,0.0,0.326171875,0.011018543402311207,,NULL
FITS/TAM/index-11/WISE+(AllWISE)--w4,11,109.8874641,-57.4488474,WISE,w4,0,NULL,NULL,NULL,NULL,0.587890625,0.44747474747474747,0,Image lacks central blob
FITS/TAM/index-11/DSS--DSS2+Red,11,109.8874641,-57.4488474,DSS,DSS2+Red,1,"(29, 29)",14,1.4142135623730951,0.22061191626409019,0.451171875,0.21430623384085032,,NULL
FITS/TAM/index-11/DSS--DSS2+IR,11,109.8874641,-57.4488474,DSS,DSS2+IR,1,"(29, 29)",9,1.4142135623730951,0.0,0.404296875,0.11751412429378531,,NULL
FITS/TAM/index-11/WISE+(AllWISE)--w1,11,109.8874641,-57.4488474,WISE,w1,1,"(21, 22)",8,2.23606797749979,0.0,0.349609375,0.11515151515151516,,NULL
FITS/TAM/index-11/2MASS--J,11,109.8874641,-57.4488474,2MASS,J,1,"(30, 29)",4,2.23606797749979,0.0,0.341796875,0.014243482934694974,,NULL
FITS/TAM/index-11/2MASS--H,11,109.8874641,-57.4488474,2MASS,H,1,"(30, 29)",4,2.23606797749979,0.0,0.314453125,0.011287288363343187,,NULL
FITS/TAM/index-12/WISE+(AllWISE)--w3,12,96.6817954,-44.0674383,WISE,w3,0,NULL,NULL,NULL,NULL,0.435546875,0.19090909090909092,0,Image lacks central blob
FITS/TAM/index-12/WISE+(AllWISE)--w2,12,96.6817954,-44.0674383,WISE,w2,1,"(22, 21)",8,1.0,0.0,0.349609375,0.11363636363636363,,NULL
FITS/TAM/index-12/DSS--DSS2+Blue,12,96.6817954,-44.0674383,DSS,DSS2+Blue,1,"(18, 17)",11,1.0,0.6265822784810127,0.607421875,0.4881632653061225,,NULL
FITS/TAM/index-12/2MASS--K,12,96.6817954,-44.0674383,2MASS,K,1,"(29, 29)",4,2.8284271247461903,0.0,0.310546875,0.010749798441279226,,NULL
FITS/TAM/index-12/WISE+(AllWISE)--w4,12,96.6817954,-44.0674383,WISE,w4,0,NULL,NULL,NULL,NULL,0.568359375,0.4868686868686869,0,Image lacks central blob
FITS/TAM/index-12/DSS--DSS2+Red,12,96.6817954,-44.0674383,DSS,DSS2+Red,1,"(29, 30)",14,1.0,0.26371951219512196,0.431640625,0.2016949152542373,,NULL
FITS/TAM/index-12/DSS--DSS2+IR,12,96.6817954,-44.0674383,DSS,DSS2+IR,1,"(29, 29)",11,1.4142135623730951,0.06516290726817042,0.439453125,0.12542372881355932,,NULL
FITS/TAM/index-12/WISE+(AllWISE)--w1,12,96.6817954,-44.0674383,WISE,w1,1,"(22, 21)",7,1.0,0.0,0.337890625,0.10656565656565657,,NULL
FITS/TAM/index-12/2MASS--J,12,96.6817954,-44.0674383,2MASS,J,1,"(29, 29)",4,2.8284271247461903,0.0,0.310546875,0.014780972856758936,,NULL
FITS/TAM/index-12/2MASS--H,12,96.6817954,-44.0674383,2MASS,H,1,"(29, 29)",4,2.8284271247461903,0.0,0.310546875,0.011824778285407149,,NULL
FITS/TAM/index-13/WISE+(AllWISE)--w3,13,91.4513962,-16.9593784,WISE,w3,0,NULL,NULL,NULL,NULL,0.435546875,0.20049382716049383,0,Image lacks central blob
FITS/TAM/index-13/WISE+(AllWISE)--w2,13,91.4513962,-16.9593784,WISE,w2,1,"(22, 22)",8,1.4142135623730951,0.0,0.345703125,0.11604938271604938,,NULL
FITS/TAM/index-13/DSS--DSS1+Blue,13,91.4513962,-16.9593784,DSS,DSS1+Blue,1,"(29, 30)",16,1.0,0.46789989118607184,0.509765625,0.29717514124293787,,NULL
FITS/TAM/index-13/DSS--DSS1+Red,13,91.4513962,-16.9593784,DSS,DSS1+Red,1,"(17, 17)",11,1.4142135623730951,0.6452905811623246,0.498046875,0.40816326530612246,,NULL
FITS/TAM/index-13/DSS--DSS2+Blue,13,91.4513962,-16.9593784,DSS,DSS2+Blue,1,"(17, 17)",9,1.4142135623730951,0.4119601328903654,0.623046875,0.30612244897959184,,NULL
FITS/TAM/index-13/2MASS--K,13,91.4513962,-16.9593784,2MASS,K,1,"(30, 29)",4,2.23606797749979,0.0,0.279296875,0.015318462778822897,,NULL
FITS/TAM/index-13/WISE+(AllWISE)--w4,13,91.4513962,-16.9593784,WISE,w4,0,NULL,NULL,NULL,NULL,0.599609375,0.44,0,Image lacks central blob
FITS/TAM/index-13/DSS--DSS2+Red,13,91.4513962,-16.9593784,DSS,DSS2+Red,1,"(30, 30)",14,0.0,0.2115702479338843,0.447265625,0.18870056497175142,,NULL
FITS/TAM/index-13/DSS--DSS2+IR,13,91.4513962,-16.9593784,DSS,DSS2+IR,1,"(30, 30)",9,0.0,0.0,0.416015625,0.10762711864406779,,NULL
FITS/TAM/index-13/WISE+(AllWISE)--w1,13,91.4513962,-16.9593784,WISE,w1,1,"(22, 22)",8,1.4142135623730951,0.0,0.326171875,0.11160493827160493,,NULL
FITS/TAM/index-13/2MASS--J,13,91.4513962,-16.9593784,2MASS,J,1,"(30, 29)",4,2.23606797749979,0.0,0.310546875,0.01639344262295082,,NULL
FITS/TAM/index-13/2MASS--H,13,91.4513962,-16.9593784,2MASS,H,1,"(30, 29)",4,2.23606797749979,0.0,0.287109375,0.014780972856758936,,NULL
FITS/TAM/index-14/WISE+(AllWISE)--w3,14,95.0226826,-23.1053182,WISE,w3,1,"(21, 22)",9,2.23606797749979,0.18611111111111112,0.423828125,0.1873737373737374,,NULL
FITS/TAM/index-14/WISE+(AllWISE)--w2,14,95.0226826,-23.1053182,WISE,w2,1,"(21, 22)",8,2.23606797749979,0.0,0.345703125,0.11515151515151516,,NULL
FITS/TAM/index-14/DSS--DSS1+Blue,14,95.0226826,-23.1053182,DSS,DSS1+Blue,1,"(28, 31)",15,2.23606797749979,0.3933002481389578,0.490234375,0.27768361581920903,,NULL
FITS/TAM/index-14/DSS--DSS1+Red,14,95.0226826,-23.1053182,DSS,DSS1+Red,1,"(29, 30)",15,1.0,0.45240761478163494,0.509765625,0.27994350282485875,,NULL
FITS/TAM/index-14/DSS--DSS2+Blue,14,95.0226826,-23.1053182,DSS,DSS2+Blue,1,"(17, 17)",9,1.4142135623730951,0.4253246753246753,0.626953125,0.31020408163265306,,NULL
FITS/TAM/index-14/2MASS--K,14,95.0226826,-23.1053182,2MASS,K,1,"(29, 30)",4,2.23606797749979,0.0,0.326171875,0.011824778285407149,,NULL
FITS/TAM/index-14/WISE+(AllWISE)--w4,14,95.0226826,-23.1053182,WISE,w4,0,NULL,NULL,NULL,NULL,0.642578125,0.4090909090909091,0,Image lacks central blob
FITS/TAM/index-14/DSS--DSS2+Red,14,95.0226826,-23.1053182,DSS,DSS2+Red,1,"(29, 30)",14,1.0,0.216260162601626,0.451171875,0.17570621468926553,,NULL
FITS/TAM/index-14/DSS--DSS2+IR,14,95.0226826,-23.1053182,DSS,DSS2+IR,1,"(29, 30)",9,1.0,0.0,0.416015625,0.09915254237288136,,NULL
FITS/TAM/index-14/WISE+(AllWISE)--w1,14,95.0226826,-23.1053182,WISE,w1,1,"(21, 22)",8,2.23606797749979,0.0,0.345703125,0.11464646464646465,,NULL
FITS/TAM/index-14/2MASS--J,14,95.0226826,-23.1053182,2MASS,J,1,"(29, 30)",4,2.23606797749979,0.0,0.333984375,0.013437248051599033,,NULL
FITS/TAM/index-14/2MASS--H,14,95.0226826,-23.1053182,2MASS,H,1,"(29, 30)",4,2.23606797749979,0.0,0.326171875,0.01209352324643913,,NULL
FITS/TAM/index-15/WISE+(AllWISE)--w3,15,53.6387539,-64.7092711,WISE,w3,1,"(22, 22)",11,1.4142135623730951,0.3752665245202559,0.412109375,0.23160493827160494,,NULL
FITS/TAM/index-15/WISE+(AllWISE)--w2,15,53.6387539,-64.7092711,WISE,w2,1,"(22, 22)",8,1.4142135623730951,0.0,0.345703125,0.11506172839506174,,NULL
FITS/TAM/index-15/DSS--DSS2+Blue,15,53.6387539,-64.7092711,DSS,DSS2+Blue,1,"(17, 17)",9,1.4142135623730951,0.5449871465295629,0.642578125,0.37387755102040815,,NULL
FITS/TAM/index-15/2MASS--K,15,53.6387539,-64.7092711,2MASS,K,1,"(29, 29)",4,2.8284271247461903,0.0,0.322265625,0.013437248051599033,,NULL
FITS/TAM/index-15/WISE+(AllWISE)--w4,15,53.6387539,-64.7092711,WISE,w4,0,NULL,NULL,NULL,NULL,0.572265625,0.4469135802469136,0,Image lacks central blob
FITS/TAM/index-15/DSS--DSS2+Red,15,53.6387539,-64.7092711,DSS,DSS2+Red,1,"(28, 28)",11,2.8284271247461903,0.08471074380165289,0.447265625,0.15627693191611605,,NULL
FITS/TAM/index-15/DSS--DSS2+IR,15,53.6387539,-64.7092711,DSS,DSS2+IR,1,"(29, 30)",9,1.0,0.0,0.388671875,0.08954802259887006,,NULL
FITS/TAM/index-15/WISE+(AllWISE)--w1,15,53.6387539,-64.7092711,WISE,w1,1,"(22, 22)",8,1.4142135623730951,0.0,0.353515625,0.12345679012345678,,NULL
FITS/TAM/index-15/2MASS--J,15,53.6387539,-64.7092711,2MASS,J,1,"(29, 29)",4,2.8284271247461903,0.0,0.341796875,0.014243482934694974,,NULL
FITS/TAM/index-15/2MASS--H,15,53.6387539,-64.7092711,2MASS,H,1,"(29, 29)",4,2.8284271247461903,0.0,0.330078125,0.01236226820747111,,NULL
FITS/TAM/index-16/WISE+(AllWISE)--w3,16,109.5421409,-52.0327624,WISE,w3,1,"(22, 22)",9,1.4142135623730951,0.22894736842105262,0.419921875,0.1891358024691358,,NULL
FITS/TAM/index-16/WISE+(AllWISE)--w2,16,109.5421409,-52.0327624,WISE,w2,1,"(22, 22)",8,1.4142135623730951,0.0,0.341796875,0.11358024691358025,,NULL
FITS/TAM/index-16/DSS--DSS2+Blue,16,109.5421409,-52.0327624,DSS,DSS2+Blue,1,"(18, 16)",9,2.0,0.5438144329896907,0.544921875,0.45,,NULL
FITS/TAM/index-16/2MASS--K,16,109.5421409,-52.0327624,2MASS,K,1,"(30, 30)",4,1.4142135623730951,0.0,0.322265625,0.010749798441279226,,NULL
FITS/TAM/index-16/WISE+(AllWISE)--w4,16,109.5421409,-52.0327624,WISE,w4,0,NULL,NULL,NULL,NULL,0.595703125,0.42864197530864195,0,Image lacks central blob
FITS/TAM/index-16/DSS--DSS2+Red,16,109.5421409,-52.0327624,DSS,DSS2+Red,1,"(28, 30)",11,2.0,0.04926108374384237,0.423828125,0.1211864406779661,,NULL
FITS/TAM/index-16/DSS--DSS2+IR,16,109.5421409,-52.0327624,DSS,DSS2+IR,1,"(28, 30)",7,2.0,0.0,0.388671875,0.07457627118644068,,NULL
FITS/TAM/index-16/WISE+(AllWISE)--w1,16,109.5421409,-52.0327624,WISE,w1,1,"(22, 22)",7,1.4142135623730951,0.0,0.341796875,0.10320987654320987,,NULL
FITS/TAM/index-16/2MASS--J,16,109.5421409,-52.0327624,2MASS,J,1,"(30, 30)",4,1.4142135623730951,0.0,0.310546875,0.01236226820747111,,NULL
FITS/TAM/index-16/2MASS--H,16,109.5421409,-52.0327624,2MASS,H,1,"(30, 30)",4,1.4142135623730951,0.0,0.318359375,0.011018543402311207,,NULL
FITS/TAM/index-17/WISE+(AllWISE)--w3,17,295.672729,-46.0472832,WISE,w3,0,NULL,NULL,NULL,NULL,0.431640625,0.20867768595041322,0,Image lacks central blob
FITS/TAM/index-17/WISE+(AllWISE)--w2,17,295.672729,-46.0472832,WISE,w2,1,"(21, 22)",8,1.0,0.0,0.353515625,0.11466942148760331,,NULL
FITS/TAM/index-17/DSS--DSS2+Blue,17,295.672729,-46.0472832,DSS,DSS2+Blue,1,"(17, 17)",9,1.4142135623730951,0.39590443686006827,0.603515625,0.29959183673469386,,NULL
FITS/TAM/index-17/2MASS--K,17,295.672729,-46.0472832,2MASS,K,1,"(29, 30)",4,2.23606797749979,0.0,0.333984375,0.010212308519215264,,NULL
FITS/TAM/index-17/WISE+(AllWISE)--w4,17,295.672729,-46.0472832,WISE,w4,0,NULL,NULL,NULL,NULL,0.568359375,0.43956611570247933,0,Image lacks central blob
FITS/TAM/index-17/DSS--DSS2+Red,17,295.672729,-46.0472832,DSS,DSS2+Red,1,"(29, 31)",14,1.4142135623730951,0.1853146853146853,0.439453125,0.16497175141242937,,NULL
FITS/TAM/index-17/DSS--DSS2+IR,17,295.672729,-46.0472832,DSS,DSS2+IR,1,"(29, 30)",9,1.0,0.0,0.416015625,0.10282485875706214,,NULL
FITS/TAM/index-17/WISE+(AllWISE)--w1,17,295.672729,-46.0472832,WISE,w1,1,"(21, 21)",7,1.4142135623730951,0.0,0.345703125,0.10898760330578512,,NULL
FITS/TAM/index-17/2MASS--J,17,295.672729,-46.0472832,2MASS,J,1,"(29, 30)",4,2.23606797749979,0.0,0.337890625,0.013437248051599033,,NULL
FITS/TAM/index-17/2MASS--H,17,295.672729,-46.0472832,2MASS,H,1,"(29, 30)",4,2.23606797749979,0.0,0.330078125,0.010749798441279226,,NULL
FITS/TAM/index-18/WISE+(AllWISE)--w3,18,329.9487775,-59.5699984,WISE,w3,1,"(21, 22)",9,2.23606797749979,0.22074468085106383,0.416015625,0.19111111111111112,,NULL
FITS/TAM/index-18/WISE+(AllWISE)--w2,18,329.9487775,-59.5699984,WISE,w2,1,"(22, 22)",8,1.4142135623730951,0.0,0.341796875,0.11358024691358025,,NULL
FITS/TAM/index-18/DSS--DSS2+Blue,18,329.9487775,-59.5699984,DSS,DSS2+Blue,1,"(17, 17)",9,1.4142135623730951,0.5014084507042254,0.583984375,0.34122448979591835,,NULL
FITS/TAM/index-18/2MASS--K,18,329.9487775,-59.5699984,2MASS,K,1,"(29, 30)",4,2.23606797749979,0.0,0.298828125,0.013168503090567052,,NULL
FITS/TAM/index-18/WISE+(AllWISE)--w4,18,329.9487775,-59.5699984,WISE,w4,0,NULL,NULL,NULL,NULL,0.646484375,0.48098765432098767,0,Image lacks central blob
FITS/TAM/index-18/DSS--DSS2+Red,18,329.9487775,-59.5699984,DSS,DSS2+Red,1,"(29, 29)",14,1.4142135623730951,0.2058319039451115,0.435546875,0.1652542372881356,,NULL
FITS/TAM/index-18/DSS--DSS2+IR,18,329.9487775,-59.5699984,DSS,DSS2+IR,1,"(29, 30)",9,1.0,0.0,0.408203125,0.09774011299435029,,NULL
FITS/TAM/index-18/WISE+(AllWISE)--w1,18,329.9487775,-59.5699984,WISE,w1,1,"(22, 22)",8,1.4142135623730951,0.0,0.341796875,0.11160493827160493,,NULL
FITS/TAM/index-18/2MASS--J,18,329.9487775,-59.5699984,2MASS,J,1,"(29, 30)",4,2.23606797749979,0.0,0.314453125,0.013974737973662993,,NULL
FITS/TAM/index-18/2MASS--H,18,329.9487775,-59.5699984,2MASS,H,1,"(29, 30)",4,2.23606797749979,0.0,0.318359375,0.013437248051599033,,NULL
FITS/TAM/index-19/WISE+(AllWISE)--w3,19,102.1496634,-58.4672923,WISE,w3,1,"(22, 22)",11,1.4142135623730951,0.23097112860892388,0.404296875,0.18814814814814815,,NULL
FITS/TAM/index-19/WISE+(AllWISE)--w2,19,102.1496634,-58.4672923,WISE,w2,1,"(22, 22)",8,1.4142135623730951,0.0,0.345703125,0.11160493827160493,,NULL
FITS/TAM/index-19/DSS--DSS2+Blue,19,102.1496634,-58.4672923,DSS,DSS2+Blue,1,"(17, 18)",9,1.0,0.4716417910447761,0.583984375,0.3616326530612245,,NULL
FITS/TAM/index-19/2MASS--K,19,102.1496634,-58.4672923,2MASS,K,1,"(29, 29)",4,2.8284271247461903,0.0,0.318359375,0.011018543402311207,,NULL
FITS/TAM/index-19/WISE+(AllWISE)--w4,19,102.1496634,-58.4672923,WISE,w4,0,NULL,NULL,NULL,NULL,0.583984375,0.4414814814814815,0,Image lacks central blob
FITS/TAM/index-19/DSS--DSS2+Red,19,102.1496634,-58.4672923,DSS,DSS2+Red,1,"(29, 29)",11,1.4142135623730951,0.06326034063260341,0.431640625,0.12984774490089054,,NULL
FITS/TAM/index-19/DSS--DSS2+IR,19,102.1496634,-58.4672923,DSS,DSS2+IR,1,"(29, 30)",9,1.0,0.0,0.396484375,0.08728813559322034,,NULL
FITS/TAM/index-19/WISE+(AllWISE)--w1,19,102.1496634,-58.4672923,WISE,w1,1,"(22, 22)",7,1.4142135623730951,0.0,0.333984375,0.10962962962962963,,NULL
FITS/TAM/index-19/2MASS--J,19,102.1496634,-58.4672923,2MASS,J,1,"(29, 29)",4,2.8284271247461903,0.0,0.333984375,0.013437248051599033,,NULL
FITS/TAM/index-19/2MASS--H,19,102.1496634,-58.4672923,2MASS,H,1,"(29, 29)",4,2.8284271247461903,0.0,0.322265625,0.011287288363343187,,NULL
FITS/TAM/index-20/WISE+(AllWISE)--w3,20,101.1926923,-52.4234837,WISE,w3,1,"(22, 22)",9,1.4142135623730951,0.22486772486772486,0.427734375,0.1871604938271605,,NULL
FITS/TAM/index-20/WISE+(AllWISE)--w2,20,101.1926923,-52.4234837,WISE,w2,1,"(22, 22)",8,1.4142135623730951,0.0,0.341796875,0.11259259259259259,,NULL
FITS/TAM/index-20/DSS--DSS2+Blue,20,101.1926923,-52.4234837,DSS,DSS2+Blue,1,"(17, 16)",9,2.23606797749979,0.3832752613240418,0.544921875,0.31020408163265306,,NULL
FITS/TAM/index-20/2MASS--K,20,101.1926923,-52.4234837,2MASS,K,1,"(29, 29)",4,2.8284271247461903,0.0,0.333984375,0.011018543402311207,,NULL
FITS/TAM/index-20/WISE+(AllWISE)--w4,20,101.1926923,-52.4234837,WISE,w4,0,NULL,NULL,NULL,NULL,0.560546875,0.43555555555555553,0,Image lacks central blob
FITS/TAM/index-20/DSS--DSS2+Red,20,101.1926923,-52.4234837,DSS,DSS2+Red,1,"(30, 29)",11,1.0,0.06855791962174941,0.443359375,0.13013501867279517,,NULL
FITS/TAM/index-20/DSS--DSS2+IR,20,101.1926923,-52.4234837,DSS,DSS2+IR,1,"(29, 30)",7,1.0,0.0,0.361328125,0.06694915254237288,,NULL
FITS/TAM/index-20/WISE+(AllWISE)--w1,20,101.1926923,-52.4234837,WISE,w1,1,"(22, 22)",7,1.4142135623730951,0.0,0.333984375,0.10024691358024691,,NULL
FITS/TAM/index-20/2MASS--J,20,101.1926923,-52.4234837,2MASS,J,1,"(29, 29)",4,2.8284271247461903,0.0,0.322265625,0.013168503090567052,,NULL
FITS/TAM/index-20/2MASS--H,20,101.1926923,-52.4234837,2MASS,H,1,"(29, 29)",4,2.8284271247461903,0.0,0.341796875,0.009943563558183283,,NULL
FITS/TAM/index-21/WISE+(AllWISE)--w3,21,285.5283182,-36.3617052,WISE,w3,0,NULL,NULL,NULL,NULL,0.435546875,0.23535353535353534,0,Image lacks central blob
FITS/TAM/index-21/WISE+(AllWISE)--w2,21,285.5283182,-36.3617052,WISE,w2,1,"(22, 21)",8,1.0,0.0,0.341796875,0.13232323232323231,,NULL
FITS/TAM/index-21/DSS--DSS2+Blue,21,285.5283182,-36.3617052,DSS,DSS2+Blue,1,"(19, 16)",9,2.23606797749979,0.33460076045627374,0.541015625,0.29551020408163264,,NULL
FITS/TAM/index-21/2MASS--K,21,285.5283182,-36.3617052,2MASS,K,1,"(30, 30)",4,1.4142135623730951,0.0,0.302734375,0.011018543402311207,,NULL
FITS/TAM/index-21/WISE+(AllWISE)--w4,21,285.5283182,-36.3617052,WISE,w4,0,NULL,NULL,NULL,NULL,0.537109375,0.45606060606060606,0,Image lacks central blob
FITS/TAM/index-21/DSS--DSS2+Red,21,285.5283182,-36.3617052,DSS,DSS2+Red,1,"(29, 29)",9,1.4142135623730951,0.0,0.400390625,0.10734463276836158,,NULL
FITS/TAM/index-21/DSS--DSS2+IR,21,285.5283182,-36.3617052,DSS,DSS2+IR,1,"(29, 31)",9,1.4142135623730951,0.0,0.396484375,0.08757062146892655,,NULL
FITS/TAM/index-21/WISE+(AllWISE)--w1,21,285.5283182,-36.3617052,WISE,w1,1,"(22, 21)",7,1.0,0.0,0.322265625,0.12272727272727273,,NULL
FITS/TAM/index-21/2MASS--J,21,285.5283182,-36.3617052,2MASS,J,1,"(30, 30)",4,1.4142135623730951,0.0,0.333984375,0.01209352324643913,,NULL
FITS/TAM/index-21/2MASS--H,21,285.5283182,-36.3617052,2MASS,H,1,"(30, 30)",4,1.4142135623730951,0.0,0.337890625,0.009674818597151304,,NULL
FITS/TAM/index-22/WISE+(AllWISE)--w3,22,169.8580186,-30.3230434,WISE,w3,0,NULL,NULL,NULL,NULL,0.474609375,0.18232323232323233,0,Image lacks central blob
FITS/TAM/index-22/WISE+(AllWISE)--w2,22,169.8580186,-30.3230434,WISE,w2,1,"(21, 22)",8,2.23606797749979,0.0,0.349609375,0.11565656565656565,,NULL
FITS/TAM/index-22/DSS--DSS1+Blue,22,169.8580186,-30.3230434,DSS,DSS1+Blue,1,"(29, 31)",15,1.4142135623730951,0.34543010752688175,0.478515625,0.2274011299435028,,NULL
FITS/TAM/index-22/DSS--DSS1+Red,22,169.8580186,-30.3230434,DSS,DSS1+Red,1,"(29, 31)",11,1.4142135623730951,0.08793456032719836,0.490234375,0.157909604519774,,NULL
FITS/TAM/index-22/DSS--DSS2+Blue,22,169.8580186,-30.3230434,DSS,DSS2+Blue,1,"(16, 17)",11,2.23606797749979,0.6703910614525139,0.564453125,0.5885714285714285,,NULL
FITS/TAM/index-22/2MASS--K,22,169.8580186,-30.3230434,2MASS,K,1,"(29, 30)",4,2.23606797749979,0.0,0.314453125,0.009406073636119323,,NULL
FITS/TAM/index-22/WISE+(AllWISE)--w4,22,169.8580186,-30.3230434,WISE,w4,0,NULL,NULL,NULL,NULL,0.642578125,0.4126262626262626,0,Image lacks central blob
FITS/TAM/index-22/DSS--DSS2+Red,22,169.8580186,-30.3230434,DSS,DSS2+Red,1,"(28, 29)",14,2.23606797749979,0.16337522441651706,0.439453125,0.16087331226659007,,NULL
FITS/TAM/index-22/DSS--DSS2+IR,22,169.8580186,-30.3230434,DSS,DSS2+IR,1,"(28, 30)",9,2.0,0.007246376811594203,0.392578125,0.08813559322033898,,NULL
FITS/TAM/index-22/WISE+(AllWISE)--w1,22,169.8580186,-30.3230434,WISE,w1,1,"(21, 22)",7,2.23606797749979,0.0,0.330078125,0.10555555555555556,,NULL
FITS/TAM/index-22/2MASS--J,22,169.8580186,-30.3230434,2MASS,J,1,"(29, 30)",4,2.23606797749979,0.0,0.330078125,0.01209352324643913,,NULL
FITS/TAM/index-22/2MASS--H,22,169.8580186,-30.3230434,2MASS,H,1,"(29, 30)",4,2.23606797749979,0.0,0.314453125,0.010749798441279226,,NULL
FITS/TAM/index-23/WISE+(AllWISE)--w3,23,356.7853034,15.650905,WISE,w3,0,NULL,NULL,NULL,NULL,0.439453125,0.18617283950617283,0,Image lacks central blob
FITS/TAM/index-23/WISE+(AllWISE)--w2,23,356.7853034,15.650905,WISE,w2,1,"(22, 22)",8,1.4142135623730951,0.0,0.341796875,0.11259259259259259,,NULL
FITS/TAM/index-23/DSS--DSS1+Blue,23,356.7853034,15.650905,DSS,DSS1+Blue,1,"(28, 31)",16,2.23606797749979,0.41970310391363025,0.501953125,0.33785310734463275,,NULL
FITS/TAM/index-23/DSS--DSS1+Red,23,356.7853034,15.650905,DSS,DSS1+Red,1,"(17, 17)",7,1.4142135623730951,0.17525773195876287,0.470703125,0.16816326530612244,,NULL
FITS/TAM/index-23/DSS--DSS2+Blue,23,356.7853034,15.650905,DSS,DSS2+Blue,1,"(29, 30)",14,1.0,0.1657559198542805,0.431640625,0.16299435028248588,,NULL
FITS/TAM/index-23/2MASS--K,23,356.7853034,15.650905,2MASS,K,1,"(30, 30)",4,1.4142135623730951,0.0,0.333984375,0.009674818597151304,,NULL
FITS/TAM/index-23/WISE+(AllWISE)--w4,23,356.7853034,15.650905,WISE,w4,0,NULL,NULL,NULL,NULL,0.638671875,0.42814814814814817,0,Image lacks central blob
FITS/TAM/index-23/DSS--DSS2+Red,23,356.7853034,15.650905,DSS,DSS2+Red,1,"(29, 30)",9,1.0,0.0,0.404296875,0.08672316384180791,,NULL
FITS/TAM/index-23/DSS--DSS2+IR,23,356.7853034,15.650905,DSS,DSS2+IR,1,"(29, 30)",7,1.0,0.0,0.412109375,0.0480225988700565,,NULL
FITS/TAM/index-23/WISE+(AllWISE)--w1,23,356.7853034,15.650905,WISE,w1,1,"(22, 22)",7,1.4142135623730951,0.0,0.330078125,0.09382716049382717,,NULL
FITS/TAM/index-23/2MASS--J,23,356.7853034,15.650905,2MASS,J,1,"(29, 30)",4,2.23606797749979,0.0,0.291015625,0.01209352324643913,,NULL
FITS/TAM/index-23/2MASS--H,23,356.7853034,15.650905,2MASS,H,1,"(29, 30)",4,2.23606797749979,0.0,0.318359375,0.011018543402311207,,NULL
FITS/TAM/index-24/WISE+(AllWISE)--w3,24,102.3064095,-46.7095159,WISE,w3,1,"(22, 22)",9,1.4142135623730951,0.23298429319371727,0.408203125,0.18962962962962962,,NULL
FITS/TAM/index-24/WISE+(AllWISE)--w2,24,102.3064095,-46.7095159,WISE,w2,1,"(22, 22)",8,1.4142135623730951,0.0,0.341796875,0.1111111111111111,,NULL
FITS/TAM/index-24/DSS--DSS2+Blue,24,102.3064095,-46.7095159,DSS,DSS2+Blue,1,"(18, 16)",11,2.0,0.6666666666666666,0.443359375,0.8359183673469388,,NULL
FITS/TAM/index-24/2MASS--K,24,102.3064095,-46.7095159,2MASS,K,1,"(29, 29)",4,2.8284271247461903,0.0,0.333984375,0.011824778285407149,,NULL
FITS/TAM/index-24/WISE+(AllWISE)--w4,24,102.3064095,-46.7095159,WISE,w4,0,NULL,NULL,NULL,NULL,0.630859375,0.4237037037037037,0,Image lacks central blob
FITS/TAM/index-24/DSS--DSS2+Red,24,102.3064095,-46.7095159,DSS,DSS2+Red,1,"(29, 29)",15,1.4142135623730951,0.34097035040431267,0.423828125,0.23135593220338982,,NULL
FITS/TAM/index-24/DSS--DSS2+IR,24,102.3064095,-46.7095159,DSS,DSS2+IR,1,"(29, 30)",11,1.0,0.05188679245283019,0.412109375,0.12175141242937854,,NULL
FITS/TAM/index-24/WISE+(AllWISE)--w1,24,102.3064095,-46.7095159,WISE,w1,1,"(22, 22)",8,1.4142135623730951,0.0,0.345703125,0.11851851851851852,,NULL
FITS/TAM/index-24/2MASS--J,24,102.3064095,-46.7095159,2MASS,J,1,"(30, 29)",4,2.23606797749979,0.0,0.314453125,0.015049717817790917,,NULL
FITS/TAM/index-24/2MASS--H,24,102.3064095,-46.7095159,2MASS,H,1,"(30, 29)",4,2.23606797749979,0.0,0.333984375,0.01236226820747111,,NULL
FITS/TAM/index-25/WISE+(AllWISE)--w3,25,51.4828106,-35.9208869,WISE,w3,1,"(21, 22)",11,1.0,0.2729528535980149,0.376953125,0.20816115702479338,,NULL
FITS/TAM/index-25/WISE+(AllWISE)--w2,25,51.4828106,-35.9208869,WISE,w2,1,"(22, 22)",8,0.0,0.00390625,0.357421875,0.1322314049586777,,NULL
FITS/TAM/index-25/DSS--DSS2+Blue,25,51.4828106,-35.9208869,DSS,DSS2+Blue,1,"(10, 16)",9,8.246211251235321,0.6697819314641744,0.580078125,0.8702040816326531,,NULL
FITS/TAM/index-25/2MASS--K,25,51.4828106,-35.9208869,2MASS,K,1,"(29, 30)",4,2.23606797749979,0.0,0.322265625,0.01612469766191884,,NULL
FITS/TAM/index-25/WISE+(AllWISE)--w4,25,51.4828106,-35.9208869,WISE,w4,0,NULL,NULL,NULL,NULL,0.525390625,0.47520661157024796,0,Image lacks central blob
FITS/TAM/index-25/DSS--DSS2+Red,25,51.4828106,-35.9208869,DSS,DSS2+Red,1,"(29, 29)",15,1.4142135623730951,0.3948019801980198,0.474609375,0.27721918988796324,,NULL
FITS/TAM/index-25/DSS--DSS2+IR,25,51.4828106,-35.9208869,DSS,DSS2+IR,1,"(30, 29)",11,1.0,0.07476635514018691,0.396484375,0.13785310734463277,,NULL
FITS/TAM/index-25/WISE+(AllWISE)--w1,25,51.4828106,-35.9208869,WISE,w1,1,"(22, 22)",9,0.0,0.09627329192546584,0.376953125,0.16632231404958678,,NULL
FITS/TAM/index-25/2MASS--J,25,51.4828106,-35.9208869,2MASS,J,1,"(29, 29)",7,2.8284271247461903,0.0,0.365234375,0.021768341843590434,,NULL
FITS/TAM/index-25/2MASS--H,25,51.4828106,-35.9208869,2MASS,H,1,"(29, 30)",4,2.23606797749979,0.0,0.326171875,0.01719967750604676,,NULL
FITS/TAM/index-26/WISE+(AllWISE)--w3,26,101.9853335,-53.1781746,WISE,w3,0,NULL,NULL,NULL,NULL,0.455078125,0.18838383838383838,0,Image lacks central blob
FITS/TAM/index-26/WISE+(AllWISE)--w2,26,101.9853335,-53.1781746,WISE,w2,1,"(22, 21)",8,1.0,0.0,0.349609375,0.11515151515151516,,NULL
FITS/TAM/index-26/DSS--DSS2+Blue,26,101.9853335,-53.1781746,DSS,DSS2+Blue,1,"(17, 16)",7,2.23606797749979,0.12244897959183673,0.529296875,0.2236734693877551,,NULL
FITS/TAM/index-26/2MASS--K,26,101.9853335,-53.1781746,2MASS,K,1,"(29, 30)",4,2.23606797749979,0.0,0.310546875,0.010749798441279226,,NULL
FITS/TAM/index-26/WISE+(AllWISE)--w4,26,101.9853335,-53.1781746,WISE,w4,0,NULL,NULL,NULL,NULL,0.634765625,0.5272727272727272,0,Image lacks central blob
FITS/TAM/index-26/DSS--DSS2+Red,26,101.9853335,-53.1781746,DSS,DSS2+Red,1,"(29, 30)",11,1.0,0.06651376146788991,0.396484375,0.13954802259887006,,NULL
FITS/TAM/index-26/DSS--DSS2+IR,26,101.9853335,-53.1781746,DSS,DSS2+IR,1,"(29, 29)",7,1.4142135623730951,0.0,0.388671875,0.06807909604519774,,NULL
FITS/TAM/index-26/WISE+(AllWISE)--w1,26,101.9853335,-53.1781746,WISE,w1,1,"(22, 21)",7,1.0,0.0,0.330078125,0.1,,NULL
FITS/TAM/index-26/2MASS--J,26,101.9853335,-53.1781746,2MASS,J,1,"(29, 30)",4,2.23606797749979,0.0,0.283203125,0.011018543402311207,,NULL
FITS/TAM/index-26/2MASS--H,26,101.9853335,-53.1781746,2MASS,H,1,"(29, 30)",4,2.23606797749979,0.0,0.298828125,0.011018543402311207,,NULL
FITS/TAM/index-27/WISE+(AllWISE)--w3,27,176.0058263,-55.3908535,WISE,w3,0,NULL,NULL,NULL,NULL,0.466796875,0.17580246913580247,0,Image lacks central blob
FITS/TAM/index-27/WISE+(AllWISE)--w2,27,176.0058263,-55.3908535,WISE,w2,1,"(22, 22)",7,1.4142135623730951,0.0,0.373046875,0.1037037037037037,,NULL
FITS/TAM/index-27/2MASS--K,27,176.0058263,-55.3908535,2MASS,K,1,"(29, 29)",4,2.8284271247461903,0.0,0.318359375,0.010212308519215264,,NULL
FITS/TAM/index-27/WISE+(AllWISE)--w4,27,176.0058263,-55.3908535,WISE,w4,0,NULL,NULL,NULL,NULL,0.666015625,0.3728395061728395,0,Image lacks central blob
FITS/TAM/index-27/DSS--DSS2+Red,27,176.0058263,-55.3908535,DSS,DSS2+Red,1,"(29, 30)",7,1.0,0.0,0.400390625,0.07598870056497176,,NULL
FITS/TAM/index-27/DSS--DSS2+IR,27,176.0058263,-55.3908535,DSS,DSS2+IR,2,"(28, 30)",7,2.0,0.0,0.361328125,0.06525423728813559,,NULL
FITS/TAM/index-27/WISE+(AllWISE)--w1,27,176.0058263,-55.3908535,WISE,w1,1,"(22, 22)",7,1.4142135623730951,0.0,0.349609375,0.0908641975308642,,NULL
FITS/TAM/index-27/2MASS--J,27,176.0058263,-55.3908535,2MASS,J,1,"(29, 30)",4,2.23606797749979,0.0,0.294921875,0.010749798441279226,,NULL
FITS/TAM/index-27/2MASS--H,27,176.0058263,-55.3908535,2MASS,H,1,"(29, 30)",4,2.23606797749979,0.0,0.306640625,0.009943563558183283,,NULL
FITS/TAM/index-28/WISE+(AllWISE)--w3,28,71.5395472,-11.5611875,WISE,w3,0,NULL,NULL,NULL,NULL,0.435546875,0.1898989898989899,0,Image lacks central blob
FITS/TAM/index-28/WISE+(AllWISE)--w2,28,71.5395472,-11.5611875,WISE,w2,1,"(22, 21)",8,1.0,0.0,0.337890625,0.11565656565656565,,NULL
FITS/TAM/index-28/DSS--DSS1+Blue,28,71.5395472,-11.5611875,DSS,DSS1+Blue,1,"(29, 29)",16,1.4142135623730951,0.5747826086956521,0.517578125,0.41214689265536725,,NULL
FITS/TAM/index-28/DSS--DSS1+Red,28,71.5395472,-11.5611875,DSS,DSS1+Red,1,"(17, 17)",11,1.4142135623730951,0.6963979416809606,0.572265625,0.5159183673469387,,NULL
FITS/TAM/index-28/DSS--DSS2+Blue,28,71.5395472,-11.5611875,DSS,DSS2+Blue,1,"(17, 16)",9,2.23606797749979,0.4537037037037037,0.642578125,0.3248979591836735,,NULL
FITS/TAM/index-28/2MASS--K,28,71.5395472,-11.5611875,2MASS,K,1,"(30, 29)",4,2.23606797749979,0.0,0.314453125,0.011287288363343187,,NULL
FITS/TAM/index-28/WISE+(AllWISE)--w4,28,71.5395472,-11.5611875,WISE,w4,0,NULL,NULL,NULL,NULL,0.662109375,0.453030303030303,0,Image lacks central blob
FITS/TAM/index-28/DSS--DSS2+Red,28,71.5395472,-11.5611875,DSS,DSS2+Red,1,"(29, 30)",15,1.0,0.33739837398373984,0.462890625,0.24067796610169492,,NULL
FITS/TAM/index-28/DSS--DSS2+IR,28,71.5395472,-11.5611875,DSS,DSS2+IR,1,"(29, 30)",11,1.0,0.0778688524590164,0.427734375,0.14632768361581922,,NULL
FITS/TAM/index-28/WISE+(AllWISE)--w1,28,71.5395472,-11.5611875,WISE,w1,1,"(22, 21)",7,1.0,0.0,0.333984375,0.10555555555555556,,NULL
FITS/TAM/index-28/2MASS--J,28,71.5395472,-11.5611875,2MASS,J,1,"(30, 29)",4,2.23606797749979,0.0,0.326171875,0.012899758129535071,,NULL
FITS/TAM/index-28/2MASS--H,28,71.5395472,-11.5611875,2MASS,H,1,"(30, 29)",4,2.23606797749979,0.0,0.298828125,0.011824778285407149,,NULL
FITS/TAM/index-29/WISE+(AllWISE)--w3,29,156.2214614,-52.5516544,WISE,w3,0,NULL,NULL,NULL,NULL,0.490234375,0.1590909090909091,0,Image lacks central blob
FITS/TAM/index-29/WISE+(AllWISE)--w2,29,156.2214614,-52.5516544,WISE,w2,1,"(21, 22)",8,2.23606797749979,0.0,0.349609375,0.12373737373737374,,NULL
FITS/TAM/index-29/DSS--DSS2+Blue,29,156.2214614,-52.5516544,DSS,DSS2+Blue,1,"(17, 17)",7,1.4142135623730951,0.2708333333333333,0.517578125,0.283265306122449,,NULL
FITS/TAM/index-29/2MASS--K,29,156.2214614,-52.5516544,2MASS,K,1,"(29, 29)",4,2.8284271247461903,0.0,0.302734375,0.011556033324375168,,NULL
FITS/TAM/index-29/WISE+(AllWISE)--w4,29,156.2214614,-52.5516544,WISE,w4,0,NULL,NULL,NULL,NULL,0.564453125,0.706060606060606,0,Image lacks central blob
FITS/TAM/index-29/DSS--DSS2+Red,29,156.2214614,-52.5516544,DSS,DSS2+Red,1,"(28, 30)",9,2.0,0.006535947712418301,0.427734375,0.12598870056497175,,NULL
FITS/TAM/index-29/DSS--DSS2+IR,29,156.2214614,-52.5516544,DSS,DSS2+IR,1,"(28, 30)",7,2.0,0.0,0.388671875,0.08192090395480225,,NULL
FITS/TAM/index-29/WISE+(AllWISE)--w1,29,156.2214614,-52.5516544,WISE,w1,1,"(21, 22)",7,2.23606797749979,0.0,0.322265625,0.1409090909090909,,NULL
FITS/TAM/index-29/2MASS--J,29,156.2214614,-52.5516544,2MASS,J,1,"(29, 29)",4,2.8284271247461903,0.0,0.318359375,0.013705993012631014,,NULL
FITS/TAM/index-29/2MASS--H,29,156.2214614,-52.5516544,2MASS,H,1,"(29, 29)",4,2.8284271247461903,0.0,0.294921875,0.013437248051599033,,NULL
FITS/TAM/index-30/WISE+(AllWISE)--w3,30,257.6829833,-22.0046545,WISE,w3,0,NULL,NULL,NULL,NULL,0.443359375,0.19242424242424241,0,Image lacks central blob
FITS/TAM/index-30/WISE+(AllWISE)--w2,30,257.6829833,-22.0046545,WISE,w2,1,"(22, 21)",8,1.0,0.0,0.357421875,0.12424242424242424,,NULL
FITS/TAM/index-30/DSS--DSS1+Red,30,257.6829833,-22.0046545,DSS,DSS1+Red,1,"(29, 31)",11,1.4142135623730951,0.06382978723404255,0.478515625,0.21553672316384181,,NULL
FITS/TAM/index-30/2MASS--K,30,257.6829833,-22.0046545,2MASS,K,1,"(29, 30)",4,2.23606797749979,0.0,0.291015625,0.013168503090567052,,NULL
FITS/TAM/index-30/WISE+(AllWISE)--w4,30,257.6829833,-22.0046545,WISE,w4,0,NULL,NULL,NULL,NULL,0.552734375,0.4919191919191919,0,Image lacks central blob
FITS/TAM/index-30/DSS--DSS2+Red,30,257.6829833,-22.0046545,DSS,DSS2+Red,1,"(29, 30)",7,1.0,0.0,0.353515625,0.06412429378531073,,NULL
FITS/TAM/index-30/DSS--DSS2+IR,30,257.6829833,-22.0046545,DSS,DSS2+IR,1,"(29, 30)",7,1.0,0.0,0.361328125,0.08757062146892655,,NULL
FITS/TAM/index-30/WISE+(AllWISE)--w1,30,257.6829833,-22.0046545,WISE,w1,1,"(22, 21)",7,1.0,0.0,0.333984375,0.12474747474747475,,NULL
FITS/TAM/index-30/2MASS--J,30,257.6829833,-22.0046545,2MASS,J,1,"(29, 30)",4,2.23606797749979,0.0,0.310546875,0.014512227895726955,,NULL
FITS/TAM/index-30/2MASS--H,30,257.6829833,-22.0046545,2MASS,H,1,"(29, 30)",4,2.23606797749979,0.0,0.298828125,0.013705993012631014,,NULL
FITS/TAM/index-31/WISE+(AllWISE)--w3,31,91.7199961,-31.5150292,WISE,w3,1,"(22, 22)",11,1.4142135623730951,0.24871794871794872,0.408203125,0.1925925925925926,,NULL
FITS/TAM/index-31/WISE+(AllWISE)--w2,31,91.7199961,-31.5150292,WISE,w2,1,"(22, 22)",8,1.4142135623730951,0.0,0.341796875,0.11160493827160493,,NULL
FITS/TAM/index-31/DSS--DSS1+Blue,31,91.7199961,-31.5150292,DSS,DSS1+Blue,1,"(30, 30)",9,0.0,0.0,0.462890625,0.09180790960451977,,NULL
FITS/TAM/index-31/DSS--DSS1+Red,31,91.7199961,-31.5150292,DSS,DSS1+Red,1,"(30, 29)",9,1.0,0.0,0.470703125,0.10282485875706214,,NULL
FITS/TAM/index-31/DSS--DSS2+Blue,31,91.7199961,-31.5150292,DSS,DSS2+Blue,1,"(18, 17)",5,1.0,0.0,0.482421875,0.14530612244897959,,NULL
FITS/TAM/index-31/2MASS--K,31,91.7199961,-31.5150292,2MASS,K,1,"(30, 29)",4,2.23606797749979,0.0,0.318359375,0.011824778285407149,,NULL
FITS/TAM/index-31/WISE+(AllWISE)--w4,31,91.7199961,-31.5150292,WISE,w4,0,NULL,NULL,NULL,NULL,0.662109375,0.33530864197530863,0,Image lacks central blob
FITS/TAM/index-31/DSS--DSS2+Red,31,91.7199961,-31.5150292,DSS,DSS2+Red,1,"(30, 30)",11,0.0,0.07242990654205607,0.423828125,0.12655367231638417,,NULL
FITS/TAM/index-31/DSS--DSS2+IR,31,91.7199961,-31.5150292,DSS,DSS2+IR,1,"(29, 30)",7,1.0,0.0,0.416015625,0.06836158192090395,,NULL
FITS/TAM/index-31/WISE+(AllWISE)--w1,31,91.7199961,-31.5150292,WISE,w1,1,"(22, 22)",7,1.4142135623730951,0.0,0.330078125,0.10814814814814815,,NULL
FITS/TAM/index-31/2MASS--J,31,91.7199961,-31.5150292,2MASS,J,1,"(30, 29)",4,2.23606797749979,0.0,0.314453125,0.013168503090567052,,NULL
FITS/TAM/index-31/2MASS--H,31,91.7199961,-31.5150292,2MASS,H,1,"(30, 30)",4,1.4142135623730951,0.0,0.326171875,0.011824778285407149,,NULL
FITS/TAM/index-32/WISE+(AllWISE)--w3,32,278.7689992,-66.1757214,WISE,w3,0,NULL,NULL,NULL,NULL,0.462890625,0.1890495867768595,0,Image lacks central blob
FITS/TAM/index-32/WISE+(AllWISE)--w2,32,278.7689992,-66.1757214,WISE,w2,1,"(22, 21)",8,1.0,0.0,0.345703125,0.11570247933884298,,NULL
FITS/TAM/index-32/DSS--DSS2+Blue,32,278.7689992,-66.1757214,DSS,DSS2+Blue,1,"(17, 18)",7,1.0,0.21844660194174756,0.517578125,0.23265306122448978,,NULL
FITS/TAM/index-32/2MASS--K,32,278.7689992,-66.1757214,2MASS,K,1,"(30, 29)",4,2.23606797749979,0.0,0.333984375,0.010481053480247245,,NULL
FITS/TAM/index-32/WISE+(AllWISE)--w4,32,278.7689992,-66.1757214,WISE,w4,0,NULL,NULL,NULL,NULL,0.626953125,0.5284090909090909,0,Image lacks central blob
FITS/TAM/index-32/DSS--DSS2+Red,32,278.7689992,-66.1757214,DSS,DSS2+Red,1,"(29, 31)",9,1.4142135623730951,0.0,0.310546875,0.10875706214689265,,NULL
FITS/TAM/index-32/DSS--DSS2+IR,32,278.7689992,-66.1757214,DSS,DSS2+IR,1,"(29, 30)",7,1.0,0.0,0.404296875,0.05593220338983051,,NULL
FITS/TAM/index-32/WISE+(AllWISE)--w1,32,278.7689992,-66.1757214,WISE,w1,1,"(22, 21)",7,1.0,0.0,0.333984375,0.10020661157024793,,NULL
FITS/TAM/index-32/2MASS--J,32,278.7689992,-66.1757214,2MASS,J,1,"(30, 29)",4,2.23606797749979,0.0,0.298828125,0.01209352324643913,,NULL
FITS/TAM/index-32/2MASS--H,32,278.7689992,-66.1757214,2MASS,H,1,"(30, 29)",4,2.23606797749979,0.0,0.333984375,0.009943563558183283,,NULL
FITS/TAM/index-33/WISE+(AllWISE)--w3,33,23.385595,-47.995495,WISE,w3,1,"(22, 22)",11,1.4142135623730951,0.2601010101010101,0.373046875,0.2,,NULL
FITS/TAM/index-33/WISE+(AllWISE)--w2,33,23.385595,-47.995495,WISE,w2,1,"(22, 22)",8,1.4142135623730951,0.0,0.345703125,0.13282828282828282,,NULL
FITS/TAM/index-33/DSS--DSS2+Blue,33,23.385595,-47.995495,DSS,DSS2+Blue,1,"(18, 17)",5,1.0,0.0,0.458984375,0.1306122448979592,,NULL
FITS/TAM/index-33/2MASS--K,33,23.385595,-47.995495,2MASS,K,1,"(31, 30)",4,1.0,0.0,0.341796875,0.01719967750604676,,NULL
FITS/TAM/index-33/WISE+(AllWISE)--w4,33,23.385595,-47.995495,WISE,w4,0,NULL,NULL,NULL,NULL,0.591796875,0.4070707070707071,0,Image lacks central blob
FITS/TAM/index-33/DSS--DSS2+Red,33,23.385595,-47.995495,DSS,DSS2+Red,1,"(31, 31)",11,1.4142135623730951,0.10909090909090909,0.419921875,0.14915254237288136,,NULL
FITS/TAM/index-33/DSS--DSS2+IR,33,23.385595,-47.995495,DSS,DSS2+IR,1,"(31, 30)",7,1.0,0.0,0.388671875,0.06864406779661017,,NULL
FITS/TAM/index-33/WISE+(AllWISE)--w1,33,23.385595,-47.995495,WISE,w1,1,"(22, 22)",9,1.4142135623730951,0.1531791907514451,0.357421875,0.17474747474747473,,NULL
FITS/TAM/index-33/2MASS--J,33,23.385595,-47.995495,2MASS,J,1,"(31, 30)",4,1.0,0.0,0.357421875,0.018543402311206665,,NULL
FITS/TAM/index-33/2MASS--H,33,23.385595,-47.995495,2MASS,H,1,"(31, 30)",4,1.0,0.0,0.314453125,0.01961838215533459,,NULL
FITS/TAM/index-34/WISE+(AllWISE)--w3,34,46.7635727,-65.4491314,WISE,w3,1,"(22, 22)",11,1.4142135623730951,0.3186046511627907,0.373046875,0.2123456790123457,,NULL
FITS/TAM/index-34/WISE+(AllWISE)--w2,34,46.7635727,-65.4491314,WISE,w2,1,"(22, 22)",8,1.4142135623730951,0.0,0.349609375,0.12049382716049382,,NULL
FITS/TAM/index-34/DSS--DSS2+Blue,34,46.7635727,-65.4491314,DSS,DSS2+Blue,1,"(17, 17)",5,1.4142135623730951,0.0,0.451171875,0.12979591836734694,,NULL
FITS/TAM/index-34/2MASS--K,34,46.7635727,-65.4491314,2MASS,K,1,"(29, 29)",4,2.8284271247461903,0.0,0.345703125,0.013974737973662993,,NULL
FITS/TAM/index-34/WISE+(AllWISE)--w4,34,46.7635727,-65.4491314,WISE,w4,0,NULL,NULL,NULL,NULL,0.486328125,0.4819753086419753,0,Image lacks central blob
FITS/TAM/index-34/DSS--DSS2+Red,34,46.7635727,-65.4491314,DSS,DSS2+Red,1,"(30, 30)",14,0.0,0.18487394957983194,0.439453125,0.16864406779661018,,NULL
FITS/TAM/index-34/DSS--DSS2+IR,34,46.7635727,-65.4491314,DSS,DSS2+IR,1,"(29, 30)",7,1.0,0.0,0.365234375,0.06864406779661017,,NULL
FITS/TAM/index-34/WISE+(AllWISE)--w1,34,46.7635727,-65.4491314,WISE,w1,1,"(22, 22)",8,1.4142135623730951,0.02054794520547945,0.353515625,0.14419753086419754,,NULL
FITS/TAM/index-34/2MASS--J,34,46.7635727,-65.4491314,2MASS,J,1,"(29, 29)",4,2.8284271247461903,0.0,0.337890625,0.015318462778822897,,NULL
FITS/TAM/index-34/2MASS--H,34,46.7635727,-65.4491314,2MASS,H,1,"(29, 30)",4,2.23606797749979,0.0,0.326171875,0.014780972856758936,,NULL
FITS/TAM/index-35/WISE+(AllWISE)--w3,35,131.6653824,-22.6957587,WISE,w3,1,"(22, 23)",11,1.0,0.28361858190709044,0.380859375,0.2019753086419753,,NULL
FITS/TAM/index-35/WISE+(AllWISE)--w2,35,131.6653824,-22.6957587,WISE,w2,1,"(22, 22)",8,1.4142135623730951,0.0,0.345703125,0.11259259259259259,,NULL
FITS/TAM/index-35/DSS--DSS1+Blue,35,131.6653824,-22.6957587,DSS,DSS1+Blue,1,"(29, 30)",15,1.0,0.2998565279770445,0.478515625,0.21101694915254238,,NULL
FITS/TAM/index-35/DSS--DSS1+Red,35,131.6653824,-22.6957587,DSS,DSS1+Red,1,"(29, 30)",11,1.0,0.07770961145194274,0.466796875,0.1596045197740113,,NULL
FITS/TAM/index-35/DSS--DSS2+Blue,35,131.6653824,-22.6957587,DSS,DSS2+Blue,1,"(17, 18)",9,1.0,0.445141065830721,0.595703125,0.3404081632653061,,NULL
FITS/TAM/index-35/2MASS--K,35,131.6653824,-22.6957587,2MASS,K,1,"(30, 30)",4,1.4142135623730951,0.0,0.333984375,0.009943563558183283,,NULL
FITS/TAM/index-35/WISE+(AllWISE)--w4,35,131.6653824,-22.6957587,WISE,w4,0,NULL,NULL,NULL,NULL,0.568359375,0.4069135802469136,0,Image lacks central blob
FITS/TAM/index-35/DSS--DSS2+Red,35,131.6653824,-22.6957587,DSS,DSS2+Red,1,"(29, 30)",14,1.0,0.2984218077474892,0.458984375,0.19858757062146892,,NULL
FITS/TAM/index-35/DSS--DSS2+IR,35,131.6653824,-22.6957587,DSS,DSS2+IR,1,"(29, 30)",9,1.0,0.0,0.404296875,0.08248587570621468,,NULL
FITS/TAM/index-35/WISE+(AllWISE)--w1,35,131.6653824,-22.6957587,WISE,w1,1,"(22, 22)",7,1.4142135623730951,0.0,0.333984375,0.10716049382716049,,NULL
FITS/TAM/index-35/2MASS--J,35,131.6653824,-22.6957587,2MASS,J,1,"(30, 30)",4,1.4142135623730951,0.0,0.310546875,0.01236226820747111,,NULL
FITS/TAM/index-35/2MASS--H,35,131.6653824,-22.6957587,2MASS,H,1,"(30, 30)",4,1.4142135623730951,0.0,0.314453125,0.010212308519215264,,NULL
FITS/TAM/index-36/WISE+(AllWISE)--w3,36,307.9262675,-15.0011825,WISE,w3,0,NULL,NULL,NULL,NULL,0.486328125,0.1797530864197531,0,Image lacks central blob
FITS/TAM/index-36/WISE+(AllWISE)--w2,36,307.9262675,-15.0011825,WISE,w2,1,"(22, 22)",8,1.4142135623730951,0.0,0.345703125,0.11209876543209876,,NULL
FITS/TAM/index-36/DSS--DSS1+Blue,36,307.9262675,-15.0011825,DSS,DSS1+Blue,1,"(31, 32)",9,2.23606797749979,0.0,0.447265625,0.10254237288135593,,NULL
FITS/TAM/index-36/DSS--DSS1+Red,36,307.9262675,-15.0011825,DSS,DSS1+Red,1,"(19, 18)",5,1.0,0.0380952380952381,0.431640625,0.1036734693877551,,NULL
FITS/TAM/index-36/DSS--DSS2+Blue,36,307.9262675,-15.0011825,DSS,DSS2+Blue,1,"(17, 18)",5,1.0,0.0,0.482421875,0.16489795918367348,,NULL
FITS/TAM/index-36/2MASS--K,36,307.9262675,-15.0011825,2MASS,K,1,"(30, 29)",4,2.23606797749979,0.0,0.326171875,0.013974737973662993,,NULL
FITS/TAM/index-36/WISE+(AllWISE)--w4,36,307.9262675,-15.0011825,WISE,w4,0,NULL,NULL,NULL,NULL,0.673828125,0.5901234567901235,0,Image lacks central blob
FITS/TAM/index-36/DSS--DSS2+Red,36,307.9262675,-15.0011825,DSS,DSS2+Red,1,"(30, 31)",11,1.0,0.07982261640798226,0.451171875,0.14548022598870056,,NULL
FITS/TAM/index-36/DSS--DSS2+IR,36,307.9262675,-15.0011825,DSS,DSS2+IR,1,"(29, 30)",7,1.0,0.0,0.408203125,0.07768361581920905,,NULL
FITS/TAM/index-36/WISE+(AllWISE)--w1,36,307.9262675,-15.0011825,WISE,w1,1,"(22, 22)",7,1.4142135623730951,0.0,0.333984375,0.10271604938271604,,NULL
FITS/TAM/index-36/2MASS--J,36,307.9262675,-15.0011825,2MASS,J,1,"(30, 29)",4,2.23606797749979,0.0,0.322265625,0.01585595270088686,,NULL
FITS/TAM/index-36/2MASS--H,36,307.9262675,-15.0011825,2MASS,H,1,"(30, 29)",4,2.23606797749979,0.0,0.310546875,0.013705993012631014,,NULL
FITS/TAM/index-37/WISE+(AllWISE)--w3,37,272.173317,-59.2521973,WISE,w3,1,"(22, 22)",11,1.4142135623730951,0.28361858190709044,0.396484375,0.2019753086419753,,NULL
FITS/TAM/index-37/WISE+(AllWISE)--w2,37,272.173317,-59.2521973,WISE,w2,1,"(22, 22)",8,1.4142135623730951,0.0,0.349609375,0.10765432098765432,,NULL
FITS/TAM/index-37/DSS--DSS2+Blue,37,272.173317,-59.2521973,DSS,DSS2+Blue,1,"(18, 18)",7,0.0,0.135678391959799,0.486328125,0.23918367346938776,,NULL
FITS/TAM/index-37/2MASS--K,37,272.173317,-59.2521973,2MASS,K,1,"(30, 30)",4,1.4142135623730951,0.0,0.333984375,0.009943563558183283,,NULL
FITS/TAM/index-37/WISE+(AllWISE)--w4,37,272.173317,-59.2521973,WISE,w4,0,NULL,NULL,NULL,NULL,0.591796875,0.4498765432098765,0,Image lacks central blob
FITS/TAM/index-37/DSS--DSS2+Red,37,272.173317,-59.2521973,DSS,DSS2+Red,1,"(29, 30)",9,1.0,0.0,0.392578125,0.12457627118644068,,NULL
FITS/TAM/index-37/DSS--DSS2+IR,37,272.173317,-59.2521973,DSS,DSS2+IR,1,"(30, 30)",7,0.0,0.0,0.392578125,0.0672316384180791,,NULL
FITS/TAM/index-37/WISE+(AllWISE)--w1,37,272.173317,-59.2521973,WISE,w1,1,"(22, 22)",7,1.4142135623730951,0.0,0.333984375,0.09234567901234568,,NULL
FITS/TAM/index-37/2MASS--J,37,272.173317,-59.2521973,2MASS,J,1,"(30, 30)",4,1.4142135623730951,0.0,0.330078125,0.009943563558183283,,NULL
FITS/TAM/index-37/2MASS--H,37,272.173317,-59.2521973,2MASS,H,1,"(30, 30)",4,1.4142135623730951,0.0,0.314453125,0.009943563558183283,,NULL
FITS/TAM/index-38/WISE+(AllWISE)--w3,38,68.073981,-13.5865366,WISE,w3,0,NULL,NULL,NULL,NULL,0.501953125,0.17303719008264462,0,Image lacks central blob
FITS/TAM/index-38/WISE+(AllWISE)--w2,38,68.073981,-13.5865366,WISE,w2,1,"(21, 22)",8,1.0,0.0,0.349609375,0.11466942148760331,,NULL
FITS/TAM/index-38/DSS--DSS1+Blue,38,68.073981,-13.5865366,DSS,DSS1+Blue,1,"(29, 30)",11,1.0,0.08067940552016985,0.466796875,0.13813559322033897,,NULL
FITS/TAM/index-38/DSS--DSS1+Red,38,68.073981,-13.5865366,DSS,DSS1+Red,1,"(17, 17)",7,1.4142135623730951,0.19909502262443438,0.455078125,0.1836734693877551,,NULL
FITS/TAM/index-38/DSS--DSS2+Blue,38,68.073981,-13.5865366,DSS,DSS2+Blue,1,"(17, 17)",7,1.4142135623730951,0.06547619047619048,0.478515625,0.16408163265306122,,NULL
FITS/TAM/index-38/2MASS--K,38,68.073981,-13.5865366,2MASS,K,1,"(29, 30)",4,2.23606797749979,0.0,0.330078125,0.011287288363343187,,NULL
FITS/TAM/index-38/WISE+(AllWISE)--w4,38,68.073981,-13.5865366,WISE,w4,0,NULL,NULL,NULL,NULL,0.654296875,0.4075413223140496,0,Image lacks central blob
FITS/TAM/index-38/DSS--DSS2+Red,38,68.073981,-13.5865366,DSS,DSS2+Red,1,"(29, 30)",9,1.0,0.0,0.455078125,0.10790960451977401,,NULL
FITS/TAM/index-38/DSS--DSS2+IR,38,68.073981,-13.5865366,DSS,DSS2+IR,1,"(29, 29)",7,1.4142135623730951,0.0,0.388671875,0.052259887005649715,,NULL
FITS/TAM/index-38/WISE+(AllWISE)--w1,38,68.073981,-13.5865366,WISE,w1,1,"(21, 22)",7,1.0,0.0,0.326171875,0.10278925619834711,,NULL
FITS/TAM/index-38/2MASS--J,38,68.073981,-13.5865366,2MASS,J,1,"(29, 30)",4,2.23606797749979,0.0,0.306640625,0.011018543402311207,,NULL
FITS/TAM/index-38/2MASS--H,38,68.073981,-13.5865366,2MASS,H,1,"(29, 30)",4,2.23606797749979,0.0,0.330078125,0.009943563558183283,,NULL
FITS/TAM/index-39/WISE+(AllWISE)--w3,39,89.0261212,-38.2803372,WISE,w3,0,NULL,NULL,NULL,NULL,0.482421875,0.17200413223140495,0,Image lacks central blob
FITS/TAM/index-39/WISE+(AllWISE)--w2,39,89.0261212,-38.2803372,WISE,w2,1,"(22, 21)",8,1.0,0.0,0.349609375,0.11518595041322315,,NULL
FITS/TAM/index-39/DSS--DSS2+Blue,39,89.0261212,-38.2803372,DSS,DSS2+Blue,1,"(18, 16)",9,2.0,0.3979591836734694,0.572265625,0.30775510204081635,,NULL
FITS/TAM/index-39/2MASS--K,39,89.0261212,-38.2803372,2MASS,K,1,"(30, 29)",4,2.23606797749979,0.0,0.337890625,0.011556033324375168,,NULL
FITS/TAM/index-39/WISE+(AllWISE)--w4,39,89.0261212,-38.2803372,WISE,w4,0,NULL,NULL,NULL,NULL,0.630859375,0.6089876033057852,0,Image lacks central blob
FITS/TAM/index-39/DSS--DSS2+Red,39,89.0261212,-38.2803372,DSS,DSS2+Red,1,"(28, 28)",11,2.8284271247461903,0.04156479217603912,0.435546875,0.13300775639184143,,NULL
FITS/TAM/index-39/DSS--DSS2+IR,39,89.0261212,-38.2803372,DSS,DSS2+IR,1,"(29, 30)",7,1.0,0.0,0.392578125,0.054519774011299434,,NULL
FITS/TAM/index-39/WISE+(AllWISE)--w1,39,89.0261212,-38.2803372,WISE,w1,1,"(22, 21)",7,1.0,0.0,0.333984375,0.09762396694214875,,NULL
FITS/TAM/index-39/2MASS--J,39,89.0261212,-38.2803372,2MASS,J,1,"(30, 29)",4,2.23606797749979,0.0,0.314453125,0.011287288363343187,,NULL
FITS/TAM/index-39/2MASS--H,39,89.0261212,-38.2803372,2MASS,H,1,"(30, 29)",4,2.23606797749979,0.0,0.306640625,0.01209352324643913,,NULL
FITS/TAM/index-40/WISE+(AllWISE)--w3,40,80.8923811,-11.9779639,WISE,w3,0,NULL,NULL,NULL,NULL,0.509765625,0.21777777777777776,0,Image lacks central blob
FITS/TAM/index-40/WISE+(AllWISE)--w2,40,80.8923811,-11.9779639,WISE,w2,1,"(22, 22)",8,1.4142135623730951,0.0,0.345703125,0.10962962962962963,,NULL
FITS/TAM/index-40/DSS--DSS1+Blue,40,80.8923811,-11.9779639,DSS,DSS1+Blue,1,"(29, 30)",9,1.0,0.0,0.443359375,0.10706214689265536,,NULL
FITS/TAM/index-40/DSS--DSS1+Red,40,80.8923811,-11.9779639,DSS,DSS1+Red,1,"(17, 17)",5,1.4142135623730951,0.0,0.439453125,0.07591836734693877,,NULL
FITS/TAM/index-40/DSS--DSS2+Blue,40,80.8923811,-11.9779639,DSS,DSS2+Blue,1,"(17, 17)",7,1.4142135623730951,0.14,0.517578125,0.20244897959183675,,NULL
FITS/TAM/index-40/2MASS--K,40,80.8923811,-11.9779639,2MASS,K,1,"(29, 29)",4,2.8284271247461903,0.0,0.369140625,0.010212308519215264,,NULL
FITS/TAM/index-40/WISE+(AllWISE)--w4,40,80.8923811,-11.9779639,WISE,w4,0,NULL,NULL,NULL,NULL,0.615234375,0.49925925925925924,0,Image lacks central blob
FITS/TAM/index-40/DSS--DSS2+Red,40,80.8923811,-11.9779639,DSS,DSS2+Red,1,"(29, 30)",9,1.0,0.0,0.447265625,0.11129943502824859,,NULL
FITS/TAM/index-40/DSS--DSS2+IR,40,80.8923811,-11.9779639,DSS,DSS2+IR,1,"(29, 29)",7,1.4142135623730951,0.0,0.416015625,0.07401129943502825,,NULL
FITS/TAM/index-40/WISE+(AllWISE)--w1,40,80.8923811,-11.9779639,WISE,w1,1,"(22, 22)",7,1.4142135623730951,0.0,0.330078125,0.09382716049382717,,NULL
FITS/TAM/index-40/2MASS--J,40,80.8923811,-11.9779639,2MASS,J,1,"(29, 29)",4,2.8284271247461903,0.0,0.322265625,0.009943563558183283,,NULL
FITS/TAM/index-40/2MASS--H,40,80.8923811,-11.9779639,2MASS,H,1,"(29, 29)",4,2.8284271247461903,0.0,0.318359375,0.010212308519215264,,NULL
FITS/TAM/index-41/WISE+(AllWISE)--w3,41,113.095033,-31.1912428,WISE,w3,1,"(22, 22)",11,1.4142135623730951,0.3073286052009456,0.369140625,0.21363636363636362,,NULL
FITS/TAM/index-41/WISE+(AllWISE)--w2,41,113.095033,-31.1912428,WISE,w2,1,"(22, 22)",8,1.4142135623730951,0.0,0.345703125,0.11464646464646465,,NULL
FITS/TAM/index-41/DSS--DSS1+Blue,41,113.095033,-31.1912428,DSS,DSS1+Blue,1,"(29, 30)",11,1.0,0.049773755656108594,0.470703125,0.13361581920903956,,NULL
FITS/TAM/index-41/DSS--DSS1+Red,41,113.095033,-31.1912428,DSS,DSS1+Red,1,"(28, 30)",9,2.0,0.0,0.478515625,0.09830508474576272,,NULL
FITS/TAM/index-41/DSS--DSS2+Blue,41,113.095033,-31.1912428,DSS,DSS2+Blue,1,"(17, 17)",7,1.4142135623730951,0.0755813953488372,0.470703125,0.18122448979591838,,NULL
FITS/TAM/index-41/2MASS--K,41,113.095033,-31.1912428,2MASS,K,1,"(29, 29)",4,2.8284271247461903,0.0,0.333984375,0.010481053480247245,,NULL
FITS/TAM/index-41/WISE+(AllWISE)--w4,41,113.095033,-31.1912428,WISE,w4,0,NULL,NULL,NULL,NULL,0.517578125,0.4676767676767677,0,Image lacks central blob
FITS/TAM/index-41/DSS--DSS2+Red,41,113.095033,-31.1912428,DSS,DSS2+Red,1,"(29, 31)",7,1.4142135623730951,0.0,0.384765625,0.08389830508474576,,NULL
FITS/TAM/index-41/DSS--DSS2+IR,41,113.095033,-31.1912428,DSS,DSS2+IR,1,"(29, 30)",5,1.0,0.0,0.376953125,0.04463276836158192,,NULL
FITS/TAM/index-41/WISE+(AllWISE)--w1,41,113.095033,-31.1912428,WISE,w1,1,"(22, 22)",7,1.4142135623730951,0.0,0.333984375,0.10555555555555556,,NULL
FITS/TAM/index-41/2MASS--J,41,113.095033,-31.1912428,2MASS,J,1,"(29, 29)",4,2.8284271247461903,0.0,0.302734375,0.009943563558183283,,NULL
FITS/TAM/index-41/2MASS--H,41,113.095033,-31.1912428,2MASS,H,1,"(29, 29)",4,2.8284271247461903,0.0,0.330078125,0.00859983875302338,,NULL
FITS/TAM/index-42/WISE+(AllWISE)--w3,42,165.6875562,-63.4945746,WISE,w3,0,NULL,NULL,NULL,NULL,0.552734375,0.15151515151515152,0,Image lacks central blob
FITS/TAM/index-42/WISE+(AllWISE)--w2,42,165.6875562,-63.4945746,WISE,w2,1,"(21, 22)",7,2.23606797749979,0.0,0.384765625,0.10555555555555556,,NULL
FITS/TAM/index-42/2MASS--K,42,165.6875562,-63.4945746,2MASS,K,1,"(29, 29)",4,2.8284271247461903,0.0,0.310546875,0.010481053480247245,,NULL
FITS/TAM/index-42/WISE+(AllWISE)--w4,42,165.6875562,-63.4945746,WISE,w4,0,NULL,NULL,NULL,NULL,0.580078125,0.8035353535353535,0,Image lacks central blob
FITS/TAM/index-42/DSS--DSS2+Red,42,165.6875562,-63.4945746,DSS,DSS2+Red,1,"(28, 30)",7,2.0,0.0,0.396484375,0.12457627118644068,,NULL
FITS/TAM/index-42/DSS--DSS2+IR,42,165.6875562,-63.4945746,DSS,DSS2+IR,1,"(28, 30)",5,2.0,0.0,0.353515625,0.07146892655367232,,NULL
FITS/TAM/index-42/WISE+(AllWISE)--w1,42,165.6875562,-63.4945746,WISE,w1,1,"(21, 22)",7,2.23606797749979,0.0,0.365234375,0.09141414141414142,,NULL
FITS/TAM/index-42/2MASS--J,42,165.6875562,-63.4945746,2MASS,J,1,"(29, 29)",4,2.8284271247461903,0.0,0.337890625,0.009943563558183283,,NULL
FITS/TAM/index-42/2MASS--H,42,165.6875562,-63.4945746,2MASS,H,1,"(29, 29)",4,2.8284271247461903,0.0,0.322265625,0.010481053480247245,,NULL
FITS/TAM/index-43/WISE+(AllWISE)--w3,43,127.4908112,-35.5392425,WISE,w3,0,NULL,NULL,NULL,NULL,0.509765625,0.16296296296296298,0,Image lacks central blob
FITS/TAM/index-43/WISE+(AllWISE)--w2,43,127.4908112,-35.5392425,WISE,w2,1,"(22, 22)",8,1.4142135623730951,0.0,0.365234375,0.10716049382716049,,NULL
FITS/TAM/index-43/2MASS--K,43,127.4908112,-35.5392425,2MASS,K,1,"(30, 29)",4,2.23606797749979,0.0,0.322265625,0.010749798441279226,,NULL
FITS/TAM/index-43/WISE+(AllWISE)--w4,43,127.4908112,-35.5392425,WISE,w4,0,NULL,NULL,NULL,NULL,0.669921875,0.44493827160493826,0,Image lacks central blob
FITS/TAM/index-43/DSS--DSS2+Red,43,127.4908112,-35.5392425,DSS,DSS2+Red,1,"(29, 30)",5,1.0,0.0,0.365234375,0.04293785310734463,,NULL
FITS/TAM/index-43/DSS--DSS2+IR,43,127.4908112,-35.5392425,DSS,DSS2+IR,1,"(28, 30)",7,2.0,0.0,0.376953125,0.06299435028248587,,NULL
FITS/TAM/index-43/WISE+(AllWISE)--w1,43,127.4908112,-35.5392425,WISE,w1,1,"(22, 22)",7,1.4142135623730951,0.0,0.341796875,0.09333333333333334,,NULL
FITS/TAM/index-43/2MASS--J,43,127.4908112,-35.5392425,2MASS,J,1,"(30, 29)",4,2.23606797749979,0.0,0.322265625,0.010212308519215264,,NULL
FITS/TAM/index-43/2MASS--H,43,127.4908112,-35.5392425,2MASS,H,1,"(30, 29)",4,2.23606797749979,0.0,0.314453125,0.009943563558183283,,NULL
FITS/TAM/index-44/WISE+(AllWISE)--w3,44,128.2922267,-26.0387403,WISE,w3,1,"(23, 21)",11,1.4142135623730951,0.29055690072639223,0.408203125,0.2085858585858586,,NULL
FITS/TAM/index-44/WISE+(AllWISE)--w2,44,128.2922267,-26.0387403,WISE,w2,1,"(22, 21)",8,1.0,0.0,0.345703125,0.11666666666666667,,NULL
FITS/TAM/index-44/DSS--DSS1+Blue,44,128.2922267,-26.0387403,DSS,DSS1+Blue,1,"(29, 29)",11,1.4142135623730951,0.06896551724137931,0.458984375,0.12937853107344632,,NULL
FITS/TAM/index-44/DSS--DSS1+Red,44,128.2922267,-26.0387403,DSS,DSS1+Red,1,"(29, 30)",9,1.0,0.0,0.439453125,0.09322033898305085,,NULL
FITS/TAM/index-44/DSS--DSS2+Blue,44,128.2922267,-26.0387403,DSS,DSS2+Blue,1,"(17, 17)",7,1.4142135623730951,0.07878787878787878,0.486328125,0.18285714285714286,,NULL
FITS/TAM/index-44/2MASS--K,44,128.2922267,-26.0387403,2MASS,K,1,"(29, 29)",4,2.8284271247461903,0.0,0.326171875,0.011018543402311207,,NULL
FITS/TAM/index-44/WISE+(AllWISE)--w4,44,128.2922267,-26.0387403,WISE,w4,0,NULL,NULL,NULL,NULL,0.564453125,0.4782828282828283,0,Image lacks central blob
FITS/TAM/index-44/DSS--DSS2+Red,44,128.2922267,-26.0387403,DSS,DSS2+Red,1,"(30, 30)",9,0.0,0.0,0.404296875,0.09152542372881356,,NULL
FITS/TAM/index-44/DSS--DSS2+IR,44,128.2922267,-26.0387403,DSS,DSS2+IR,1,"(29, 30)",5,1.0,0.0,0.384765625,0.044915254237288135,,NULL
FITS/TAM/index-44/WISE+(AllWISE)--w1,44,128.2922267,-26.0387403,WISE,w1,1,"(22, 21)",7,1.0,0.0,0.330078125,0.09848484848484848,,NULL
FITS/TAM/index-44/2MASS--J,44,128.2922267,-26.0387403,2MASS,J,1,"(29, 29)",4,2.8284271247461903,0.0,0.298828125,0.011287288363343187,,NULL
FITS/TAM/index-44/2MASS--H,44,128.2922267,-26.0387403,2MASS,H,1,"(29, 29)",4,2.8284271247461903,0.0,0.330078125,0.009137328675087342,,NULL
FITS/TAM/index-45/WISE+(AllWISE)--w3,45,120.649123,-65.5903823,WISE,w3,0,NULL,NULL,NULL,NULL,0.458984375,0.20592592592592593,0,Image lacks central blob
FITS/TAM/index-45/WISE+(AllWISE)--w2,45,120.649123,-65.5903823,WISE,w2,1,"(22, 22)",8,1.4142135623730951,0.0,0.345703125,0.11358024691358025,,NULL
FITS/TAM/index-45/DSS--DSS2+Blue,45,120.649123,-65.5903823,DSS,DSS2+Blue,1,"(17, 16)",7,2.23606797749979,0.12222222222222222,0.513671875,0.1836734693877551,,NULL
FITS/TAM/index-45/2MASS--K,45,120.649123,-65.5903823,2MASS,K,1,"(30, 30)",4,1.4142135623730951,0.0,0.333984375,0.011018543402311207,,NULL
FITS/TAM/index-45/WISE+(AllWISE)--w4,45,120.649123,-65.5903823,WISE,w4,0,NULL,NULL,NULL,NULL,0.623046875,0.5965432098765432,0,Image lacks central blob
FITS/TAM/index-45/DSS--DSS2+Red,45,120.649123,-65.5903823,DSS,DSS2+Red,1,"(29, 29)",9,1.4142135623730951,0.0,0.431640625,0.09968399885090491,,NULL
FITS/TAM/index-45/DSS--DSS2+IR,45,120.649123,-65.5903823,DSS,DSS2+IR,1,"(29, 30)",7,1.0,0.0,0.388671875,0.06242937853107345,,NULL
FITS/TAM/index-45/WISE+(AllWISE)--w1,45,120.649123,-65.5903823,WISE,w1,1,"(22, 22)",7,1.4142135623730951,0.0,0.333984375,0.09481481481481481,,NULL
FITS/TAM/index-45/2MASS--J,45,120.649123,-65.5903823,2MASS,J,1,"(30, 30)",4,1.4142135623730951,0.0,0.314453125,0.011287288363343187,,NULL
FITS/TAM/index-45/2MASS--H,45,120.649123,-65.5903823,2MASS,H,1,"(30, 30)",4,1.4142135623730951,0.0,0.318359375,0.010481053480247245,,NULL
FITS/TAM/index-46/WISE+(AllWISE)--w3,46,156.6515416,-34.5753251,WISE,w3,0,NULL,NULL,NULL,NULL,0.443359375,0.18222222222222223,0,Image lacks central blob
FITS/TAM/index-46/WISE+(AllWISE)--w2,46,156.6515416,-34.5753251,WISE,w2,1,"(22, 22)",8,1.4142135623730951,0.0,0.345703125,0.11209876543209876,,NULL
FITS/TAM/index-46/DSS--DSS2+Blue,46,156.6515416,-34.5753251,DSS,DSS2+Blue,1,"(17, 16)",7,2.23606797749979,0.14285714285714285,0.474609375,0.18285714285714286,,NULL
FITS/TAM/index-46/2MASS--K,46,156.6515416,-34.5753251,2MASS,K,1,"(29, 29)",4,2.8284271247461903,0.0,0.322265625,0.011018543402311207,,NULL
FITS/TAM/index-46/WISE+(AllWISE)--w4,46,156.6515416,-34.5753251,WISE,w4,0,NULL,NULL,NULL,NULL,0.669921875,0.3762962962962963,0,Image lacks central blob
FITS/TAM/index-46/DSS--DSS2+Red,46,156.6515416,-34.5753251,DSS,DSS2+Red,1,"(29, 30)",9,1.0,0.0,0.404296875,0.11045197740112994,,NULL
FITS/TAM/index-46/DSS--DSS2+IR,46,156.6515416,-34.5753251,DSS,DSS2+IR,1,"(29, 30)",7,1.0,0.0,0.380859375,0.06412429378531073,,NULL
FITS/TAM/index-46/WISE+(AllWISE)--w1,46,156.6515416,-34.5753251,WISE,w1,1,"(22, 22)",7,1.4142135623730951,0.0,0.333984375,0.10222222222222223,,NULL
FITS/TAM/index-46/2MASS--J,46,156.6515416,-34.5753251,2MASS,J,1,"(29, 29)",4,2.8284271247461903,0.0,0.310546875,0.01209352324643913,,NULL
FITS/TAM/index-46/2MASS--H,46,156.6515416,-34.5753251,2MASS,H,1,"(29, 29)",4,2.8284271247461903,0.0,0.314453125,0.010749798441279226,,NULL
FITS/TAM/index-47/WISE+(AllWISE)--w3,47,63.3223469,-16.8049203,WISE,w3,1,"(22, 21)",11,1.0,0.29397590361445786,0.369140625,0.20959595959595959,,NULL
FITS/TAM/index-47/WISE+(AllWISE)--w2,47,63.3223469,-16.8049203,WISE,w2,1,"(22, 21)",8,1.0,0.02564102564102564,0.341796875,0.13787878787878788,,NULL
FITS/TAM/index-47/DSS--DSS1+Blue,47,63.3223469,-16.8049203,DSS,DSS1+Blue,1,"(29, 30)",7,1.0,0.0,0.439453125,0.06440677966101695,,NULL
FITS/TAM/index-47/DSS--DSS1+Red,47,63.3223469,-16.8049203,DSS,DSS1+Red,1,"(16, 17)",5,2.23606797749979,0.0,0.451171875,0.1126530612244898,,NULL
FITS/TAM/index-47/DSS--DSS2+Blue,47,63.3223469,-16.8049203,DSS,DSS2+Blue,1,"(16, 16)",5,2.8284271247461903,0.0,0.466796875,0.11020408163265306,,NULL
FITS/TAM/index-47/2MASS--K,47,63.3223469,-16.8049203,2MASS,K,1,"(29, 29)",4,2.8284271247461903,0.0,0.353515625,0.018274657350174684,,NULL
FITS/TAM/index-47/WISE+(AllWISE)--w4,47,63.3223469,-16.8049203,WISE,w4,0,NULL,NULL,NULL,NULL,0.548828125,0.44747474747474747,0,Image lacks central blob
FITS/TAM/index-47/DSS--DSS2+Red,47,63.3223469,-16.8049203,DSS,DSS2+Red,1,"(28, 30)",11,2.0,0.052884615384615384,0.443359375,0.13163841807909604,,NULL
FITS/TAM/index-47/DSS--DSS2+IR,47,63.3223469,-16.8049203,DSS,DSS2+IR,1,"(29, 30)",7,1.0,0.0,0.376953125,0.05423728813559322,,NULL
FITS/TAM/index-47/WISE+(AllWISE)--w1,47,63.3223469,-16.8049203,WISE,w1,1,"(22, 21)",11,1.0,0.3233256351039261,0.392578125,0.21868686868686868,,NULL
FITS/TAM/index-47/2MASS--J,47,63.3223469,-16.8049203,2MASS,J,1,"(29, 29)",4,2.8284271247461903,0.0,0.353515625,0.018543402311206665,,NULL
FITS/TAM/index-47/2MASS--H,47,63.3223469,-16.8049203,2MASS,H,1,"(29, 29)",4,2.8284271247461903,0.0,0.322265625,0.01961838215533459,,NULL
FITS/TAM/index-48/WISE+(AllWISE)--w3,48,115.4280771,-60.2820242,WISE,w3,0,NULL,NULL,NULL,NULL,0.486328125,0.17925925925925926,0,Image lacks central blob
FITS/TAM/index-48/WISE+(AllWISE)--w2,48,115.4280771,-60.2820242,WISE,w2,1,"(22, 22)",8,1.4142135623730951,0.0,0.349609375,0.11259259259259259,,NULL
FITS/TAM/index-48/DSS--DSS2+Blue,48,115.4280771,-60.2820242,DSS,DSS2+Blue,1,"(17, 17)",7,1.4142135623730951,0.10404624277456648,0.517578125,0.19020408163265307,,NULL
FITS/TAM/index-48/2MASS--K,48,115.4280771,-60.2820242,2MASS,K,1,"(30, 29)",4,2.23606797749979,0.0,0.322265625,0.011287288363343187,,NULL
FITS/TAM/index-48/WISE+(AllWISE)--w4,48,115.4280771,-60.2820242,WISE,w4,0,NULL,NULL,NULL,NULL,0.669921875,0.4301234567901235,0,Image lacks central blob
FITS/TAM/index-48/DSS--DSS2+Red,48,115.4280771,-60.2820242,DSS,DSS2+Red,1,"(30, 30)",11,0.0,0.0665024630541872,0.408203125,0.11977401129943503,,NULL
FITS/TAM/index-48/DSS--DSS2+IR,48,115.4280771,-60.2820242,DSS,DSS2+IR,1,"(29, 29)",7,1.4142135623730951,0.0,0.365234375,0.054519774011299434,,NULL
FITS/TAM/index-48/WISE+(AllWISE)--w1,48,115.4280771,-60.2820242,WISE,w1,1,"(22, 22)",7,1.4142135623730951,0.0,0.330078125,0.09777777777777778,,NULL
FITS/TAM/index-48/2MASS--J,48,115.4280771,-60.2820242,2MASS,J,1,"(30, 29)",4,2.23606797749979,0.0,0.322265625,0.011556033324375168,,NULL
FITS/TAM/index-48/2MASS--H,48,115.4280771,-60.2820242,2MASS,H,1,"(30, 29)",4,2.23606797749979,0.0,0.326171875,0.010212308519215264,,NULL
FITS/TAM/index-49/WISE+(AllWISE)--w3,49,121.2936628,-39.2005849,WISE,w3,0,NULL,NULL,NULL,NULL,0.486328125,0.1771694214876033,0,Image lacks central blob
FITS/TAM/index-49/WISE+(AllWISE)--w2,49,121.2936628,-39.2005849,WISE,w2,1,"(21, 21)",8,1.4142135623730951,0.0,0.357421875,0.11466942148760331,,NULL
FITS/TAM/index-49/DSS--DSS2+Blue,49,121.2936628,-39.2005849,DSS,DSS2+Blue,1,"(17, 16)",5,2.23606797749979,0.0,0.455078125,0.1346938775510204,,NULL
FITS/TAM/index-49/2MASS--K,49,121.2936628,-39.2005849,2MASS,K,1,"(30, 29)",4,2.23606797749979,0.0,0.322265625,0.011018543402311207,,NULL
FITS/TAM/index-49/WISE+(AllWISE)--w4,49,121.2936628,-39.2005849,WISE,w4,0,NULL,NULL,NULL,NULL,0.669921875,0.6027892561983471,0,Image lacks central blob
FITS/TAM/index-49/DSS--DSS2+Red,49,121.2936628,-39.2005849,DSS,DSS2+Red,1,"(29, 29)",7,1.4142135623730951,0.0,0.365234375,0.07062146892655367,,NULL
FITS/TAM/index-49/DSS--DSS2+IR,49,121.2936628,-39.2005849,DSS,DSS2+IR,1,"(29, 30)",5,1.0,0.0,0.373046875,0.051694915254237285,,NULL
FITS/TAM/index-49/WISE+(AllWISE)--w1,49,121.2936628,-39.2005849,WISE,w1,1,"(21, 21)",7,1.4142135623730951,0.0,0.341796875,0.09865702479338843,,NULL
FITS/TAM/index-49/2MASS--J,49,121.2936628,-39.2005849,2MASS,J,1,"(30, 29)",4,2.23606797749979,0.0,0.302734375,0.011018543402311207,,NULL
FITS/TAM/index-49/2MASS--H,49,121.2936628,-39.2005849,2MASS,H,1,"(30, 29)",4,2.23606797749979,0.0,0.314453125,0.009943563558183283,,NULL
FITS/TAM/index-50/WISE+(AllWISE)--w3,50,80.2699683,-10.3491911,WISE,w3,0,NULL,NULL,NULL,NULL,0.431640625,0.20606060606060606,0,Image lacks central blob
FITS/TAM/index-50/WISE+(AllWISE)--w2,50,80.2699683,-10.3491911,WISE,w2,1,"(21, 22)",8,2.23606797749979,0.0,0.353515625,0.11212121212121212,,NULL
FITS/TAM/index-50/DSS--DSS1+Blue,50,80.2699683,-10.3491911,DSS,DSS1+Blue,1,"(29, 30)",9,1.0,0.0,0.435546875,0.0807909604519774,,NULL
FITS/TAM/index-50/DSS--DSS1+Red,50,80.2699683,-10.3491911,DSS,DSS1+Red,1,"(17, 17)",5,1.4142135623730951,0.0,0.447265625,0.06448979591836734,,NULL
FITS/TAM/index-50/DSS--DSS2+Blue,50,80.2699683,-10.3491911,DSS,DSS2+Blue,1,"(17, 18)",7,1.0,0.08823529411764706,0.470703125,0.15918367346938775,,NULL
FITS/TAM/index-50/2MASS--K,50,80.2699683,-10.3491911,2MASS,K,1,"(29, 29)",4,2.8284271247461903,0.0,0.322265625,0.009406073636119323,,NULL
FITS/TAM/index-50/WISE+(AllWISE)--w4,50,80.2699683,-10.3491911,WISE,w4,0,NULL,NULL,NULL,NULL,0.572265625,0.45202020202020204,0,Image lacks central blob
FITS/TAM/index-50/DSS--DSS2+Red,50,80.2699683,-10.3491911,DSS,DSS2+Red,1,"(28, 30)",9,2.0,0.00980392156862745,0.443359375,0.10225988700564972,,NULL
FITS/TAM/index-50/DSS--DSS2+IR,50,80.2699683,-10.3491911,DSS,DSS2+IR,1,"(29, 30)",7,1.0,0.0,0.408203125,0.07344632768361582,,NULL
FITS/TAM/index-50/WISE+(AllWISE)--w1,50,80.2699683,-10.3491911,WISE,w1,1,"(21, 22)",7,2.23606797749979,0.0,0.326171875,0.09898989898989899,,NULL
FITS/TAM/index-50/2MASS--J,50,80.2699683,-10.3491911,2MASS,J,1,"(29, 29)",4,2.8284271247461903,0.0,0.322265625,0.009137328675087342,,NULL
FITS/TAM/index-50/2MASS--H,50,80.2699683,-10.3491911,2MASS,H,1,"(29, 29)",4,2.8284271247461903,0.0,0.314453125,0.009406073636119323,,NULL
FITS/TAM/index-51/WISE+(AllWISE)--w3,51,244.5355911,-22.7052222,WISE,w3,1,"(22, 21)",9,1.0,0.22074468085106383,0.427734375,0.1919191919191919,,NULL
FITS/TAM/index-51/WISE+(AllWISE)--w2,51,244.5355911,-22.7052222,WISE,w2,1,"(22, 22)",8,0.0,0.0,0.349609375,0.11060606060606061,,NULL
FITS/TAM/index-51/DSS--DSS1+Blue,51,244.5355911,-22.7052222,DSS,DSS1+Blue,1,"(28, 30)",7,2.0,0.0,0.435546875,0.07146892655367232,,NULL
FITS/TAM/index-51/DSS--DSS1+Red,51,244.5355911,-22.7052222,DSS,DSS1+Red,1,"(29, 30)",7,1.0,0.0,0.451171875,0.06807909604519774,,NULL
FITS/TAM/index-51/DSS--DSS2+Blue,51,244.5355911,-22.7052222,DSS,DSS2+Blue,1,"(18, 18)",5,0.0,0.0,0.416015625,0.08333333333333333,,NULL
FITS/TAM/index-51/2MASS--K,51,244.5355911,-22.7052222,2MASS,K,1,"(29, 29)",4,2.8284271247461903,0.0,0.326171875,0.009943563558183283,,NULL
FITS/TAM/index-51/WISE+(AllWISE)--w4,51,244.5355911,-22.7052222,WISE,w4,0,NULL,NULL,NULL,NULL,0.580078125,0.696969696969697,0,Image lacks central blob
FITS/TAM/index-51/DSS--DSS2+Red,51,244.5355911,-22.7052222,DSS,DSS2+Red,1,"(29, 28)",9,2.23606797749979,0.0,0.419921875,0.08503303648376903,,NULL
FITS/TAM/index-51/DSS--DSS2+IR,51,244.5355911,-22.7052222,DSS,DSS2+IR,1,"(29, 30)",7,1.0,0.0,0.408203125,0.06412429378531073,,NULL
FITS/TAM/index-51/WISE+(AllWISE)--w1,51,244.5355911,-22.7052222,WISE,w1,1,"(22, 22)",7,0.0,0.0,0.326171875,0.1,,NULL
FITS/TAM/index-51/2MASS--J,51,244.5355911,-22.7052222,2MASS,J,1,"(29, 29)",4,2.8284271247461903,0.0,0.322265625,0.009943563558183283,,NULL
FITS/TAM/index-51/2MASS--H,51,244.5355911,-22.7052222,2MASS,H,1,"(29, 29)",4,2.8284271247461903,0.0,0.306640625,0.009943563558183283,,NULL
FITS/TAM/index-52/WISE+(AllWISE)--w3,52,108.4490283,-46.5829812,WISE,w3,0,NULL,NULL,NULL,NULL,0.462890625,0.19595959595959597,0,Image lacks central blob
FITS/TAM/index-52/WISE+(AllWISE)--w2,52,108.4490283,-46.5829812,WISE,w2,1,"(22, 21)",8,1.0,0.0,0.365234375,0.10909090909090909,,NULL
FITS/TAM/index-52/DSS--DSS2+Blue,52,108.4490283,-46.5829812,DSS,DSS2+Blue,1,"(18, 17)",5,1.0,0.0,0.498046875,0.12,,NULL
FITS/TAM/index-52/2MASS--K,52,108.4490283,-46.5829812,2MASS,K,1,"(29, 29)",4,2.8284271247461903,0.0,0.310546875,0.011287288363343187,,NULL
FITS/TAM/index-52/WISE+(AllWISE)--w4,52,108.4490283,-46.5829812,WISE,w4,0,NULL,NULL,NULL,NULL,0.498046875,0.49242424242424243,0,Image lacks central blob
FITS/TAM/index-52/DSS--DSS2+Red,52,108.4490283,-46.5829812,DSS,DSS2+Red,1,"(29, 30)",7,1.0,0.0,0.392578125,0.08305084745762711,,NULL
FITS/TAM/index-52/DSS--DSS2+IR,52,108.4490283,-46.5829812,DSS,DSS2+IR,1,"(29, 30)",5,1.0,0.0,0.388671875,0.043220338983050846,,NULL
FITS/TAM/index-52/WISE+(AllWISE)--w1,52,108.4490283,-46.5829812,WISE,w1,1,"(22, 21)",7,1.0,0.0,0.337890625,0.09898989898989899,,NULL
FITS/TAM/index-52/2MASS--J,52,108.4490283,-46.5829812,2MASS,J,1,"(29, 29)",4,2.8284271247461903,0.0,0.306640625,0.010212308519215264,,NULL
FITS/TAM/index-52/2MASS--H,52,108.4490283,-46.5829812,2MASS,H,1,"(29, 29)",4,2.8284271247461903,0.0,0.326171875,0.010481053480247245,,NULL
FITS/TAM/index-53/WISE+(AllWISE)--w3,53,117.3585809,-34.7172745,WISE,w3,1,"(22, 22)",11,1.4142135623730951,0.26932668329177056,0.400390625,0.1980246913580247,,NULL
FITS/TAM/index-53/WISE+(AllWISE)--w2,53,117.3585809,-34.7172745,WISE,w2,1,"(22, 22)",8,1.4142135623730951,0.0,0.357421875,0.1091358024691358,,NULL
FITS/TAM/index-53/DSS--DSS2+Blue,53,117.3585809,-34.7172745,DSS,DSS2+Blue,1,"(17, 17)",5,1.4142135623730951,0.0,0.447265625,0.11918367346938775,,NULL
FITS/TAM/index-53/2MASS--K,53,117.3585809,-34.7172745,2MASS,K,1,"(30, 30)",4,1.4142135623730951,0.0,0.310546875,0.01236226820747111,,NULL
FITS/TAM/index-53/WISE+(AllWISE)--w4,53,117.3585809,-34.7172745,WISE,w4,0,NULL,NULL,NULL,NULL,0.517578125,0.46074074074074073,0,Image lacks central blob
FITS/TAM/index-53/DSS--DSS2+Red,53,117.3585809,-34.7172745,DSS,DSS2+Red,1,"(29, 30)",7,1.0,0.0,0.380859375,0.06977401129943503,,NULL
FITS/TAM/index-53/DSS--DSS2+IR,53,117.3585809,-34.7172745,DSS,DSS2+IR,1,"(29, 29)",5,1.4142135623730951,0.0,0.376953125,0.036440677966101696,,NULL
FITS/TAM/index-53/WISE+(AllWISE)--w1,53,117.3585809,-34.7172745,WISE,w1,1,"(22, 22)",7,1.4142135623730951,0.0,0.341796875,0.09728395061728395,,NULL
FITS/TAM/index-53/2MASS--J,53,117.3585809,-34.7172745,2MASS,J,1,"(30, 30)",4,1.4142135623730951,0.0,0.298828125,0.012899758129535071,,NULL
FITS/TAM/index-53/2MASS--H,53,117.3585809,-34.7172745,2MASS,H,1,"(30, 30)",4,1.4142135623730951,0.0,0.310546875,0.011018543402311207,,NULL
FITS/TAM/index-54/WISE+(AllWISE)--w3,54,244.7677869,-26.961524,WISE,w3,0,NULL,NULL,NULL,NULL,0.505859375,0.20557851239669422,0,Image lacks central blob
FITS/TAM/index-54/WISE+(AllWISE)--w2,54,244.7677869,-26.961524,WISE,w2,1,"(21, 21)",7,1.4142135623730951,0.0,0.333984375,0.17665289256198347,,NULL
FITS/TAM/index-54/DSS--DSS1+Blue,54,244.7677869,-26.961524,DSS,DSS1+Blue,1,"(28, 31)",7,2.23606797749979,0.0,0.443359375,0.06497175141242938,,NULL
FITS/TAM/index-54/DSS--DSS1+Red,54,244.7677869,-26.961524,DSS,DSS1+Red,1,"(28, 31)",7,2.23606797749979,0.0,0.435546875,0.08898305084745763,,NULL
FITS/TAM/index-54/DSS--DSS2+Blue,54,244.7677869,-26.961524,DSS,DSS2+Blue,1,"(16, 19)",4,2.23606797749979,0.0,0.431640625,0.08095238095238096,,NULL
FITS/TAM/index-54/2MASS--K,54,244.7677869,-26.961524,2MASS,K,1,"(29, 29)",4,2.8284271247461903,0.0,0.287109375,0.015318462778822897,,NULL
FITS/TAM/index-54/WISE+(AllWISE)--w4,54,244.7677869,-26.961524,WISE,w4,0,NULL,NULL,NULL,NULL,0.529296875,0.4793388429752066,0,Image lacks central blob
FITS/TAM/index-54/DSS--DSS2+Red,54,244.7677869,-26.961524,DSS,DSS2+Red,1,"(29, 29)",7,1.4142135623730951,0.0,0.408203125,0.09164033323757541,,NULL
FITS/TAM/index-54/DSS--DSS2+IR,54,244.7677869,-26.961524,DSS,DSS2+IR,1,"(29, 31)",7,1.4142135623730951,0.0,0.380859375,0.08389830508474576,,NULL
FITS/TAM/index-54/WISE+(AllWISE)--w1,54,244.7677869,-26.961524,WISE,w1,1,"(21, 21)",7,1.4142135623730951,0.0,0.322265625,0.15547520661157024,,NULL
FITS/TAM/index-54/2MASS--J,54,244.7677869,-26.961524,2MASS,J,1,"(29, 29)",4,2.8284271247461903,0.0,0.287109375,0.014512227895726955,,NULL
FITS/TAM/index-54/2MASS--H,54,244.7677869,-26.961524,2MASS,H,1,"(29, 29)",4,2.8284271247461903,0.0,0.275390625,0.015318462778822897,,NULL
FITS/TAM/index-55/WISE+(AllWISE)--w3,55,116.8113559,-19.4685987,WISE,w3,1,"(22, 22)",11,1.4142135623730951,0.3264367816091954,0.365234375,0.2196969696969697,,NULL
FITS/TAM/index-55/WISE+(AllWISE)--w2,55,116.8113559,-19.4685987,WISE,w2,1,"(22, 22)",8,1.4142135623730951,0.0,0.345703125,0.11717171717171718,,NULL
FITS/TAM/index-55/DSS--DSS1+Blue,55,116.8113559,-19.4685987,DSS,DSS1+Blue,1,"(29, 30)",9,1.0,0.0,0.458984375,0.09011299435028249,,NULL
FITS/TAM/index-55/DSS--DSS1+Red,55,116.8113559,-19.4685987,DSS,DSS1+Red,1,"(17, 18)",5,1.0,0.0,0.431640625,0.09795918367346938,,NULL
FITS/TAM/index-55/DSS--DSS2+Blue,55,116.8113559,-19.4685987,DSS,DSS2+Blue,1,"(18, 17)",4,1.0,0.0,0.431640625,0.07918367346938776,,NULL
FITS/TAM/index-55/2MASS--K,55,116.8113559,-19.4685987,2MASS,K,1,"(29, 29)",4,2.8284271247461903,0.0,0.326171875,0.010481053480247245,,NULL
FITS/TAM/index-55/WISE+(AllWISE)--w4,55,116.8113559,-19.4685987,WISE,w4,0,NULL,NULL,NULL,NULL,0.498046875,0.47929292929292927,0,Image lacks central blob
FITS/TAM/index-55/DSS--DSS2+Red,55,116.8113559,-19.4685987,DSS,DSS2+Red,1,"(30, 30)",7,0.0,0.0,0.384765625,0.08644067796610169,,NULL
FITS/TAM/index-55/DSS--DSS2+IR,55,116.8113559,-19.4685987,DSS,DSS2+IR,1,"(29, 30)",5,1.0,0.0,0.384765625,0.027401129943502824,,NULL
FITS/TAM/index-55/WISE+(AllWISE)--w1,55,116.8113559,-19.4685987,WISE,w1,1,"(22, 22)",7,1.4142135623730951,0.0,0.337890625,0.10858585858585859,,NULL
FITS/TAM/index-55/2MASS--J,55,116.8113559,-19.4685987,2MASS,J,1,"(29, 29)",4,2.8284271247461903,0.0,0.302734375,0.010481053480247245,,NULL
FITS/TAM/index-55/2MASS--H,55,116.8113559,-19.4685987,2MASS,H,1,"(29, 29)",4,2.8284271247461903,0.0,0.333984375,0.009406073636119323,,NULL
